3xpdefOloYCBXd3UR6MVyM, 10
0I1eFRytp4XRhLCjT6tZm7, 9
4ujxDgeTs9YpwMKHSmZ4qc, 9
1Y2583xYzwiEXDetAB7H1Q, 8
6HYKgl1NaCgJkm24EeaeKs, 8
5oiZiF3fBLHqgTDaH0Pj7M, 7
6bfPo8Ge3VoD4dEGSDs0R9, 7
4c38yr2PflGI2DSIzqsnmF, 7
7BxJz17EyAHjZlHEEqrtm6, 7
37y7iDayfwm3WXn5BiAoRk, 7
0QZ5yyl6B6utIWkxeBDxQN, 7
37mfTcSlX60JtAvAETytGs, 7
7lRlq939cDG4SzWOF4VAnd, 7
7svpAkwc6xaSxlbZ7V7JiS, 7
5ZbwPEUqw1hK6rp0ppD8lR, 7
7wjmdC4OL3l1nh9zQwCpv8, 6
1baoZlq32nBee9tcYbQYxV, 6
0OcW6k1AZqlALuYZEo2wZQ, 6
4s5DywrMqIlGxvKi4WrHwH, 6
2y51QpLzI5qbWfCcSx9Tu1, 6
2QjOHCTQ1Jl3zawyYOpxh6, 6
1gOVlit7zHwuKv8HVta06I, 6
6tMdpUXfT70TD6Eh3XfB1p, 6
45ROR8UMn60YEVQnDy0uVF, 6
0eDFrr2qgbIPQSU9YQeAXM, 6
5dTHtzHFPyi8TlTtzoz1J9, 6
0vf2eBw2inhl8y61cYQMv2, 5
0AFydkgl5Creero3gNjqvF, 5
4VoSYq3aTp57jgrdNswzrd, 5
6efrNjO7qLfIcvdSa81J86, 5
1tmRlF5pFo8G5OfJYUjWrR, 5
2vzbU9nlpIMYxlt0FucOHi, 5
0HBrtXJohbIW4IhPZ50GmH, 5
6Dqs6JddZc16yl27MDzIWY, 5
4Zfiia10nj9oj6qVqNc63Q, 5
7l8gHk3b9AwjC7gRhOqtP4, 5
3vZUC1m6QVm7urnN6lcF64, 5
1BYZxKSf0aTxp8ZFoeyM3d, 5
2DgdHcjWmO3qd50RzuBLgZ, 5
1H7zdcRD0gLGQY0w5ejGgX, 5
7brQHA2CgQpcMBiOlfiXYb, 5
0Zh3tKIphLOvQux4dA6PFZ, 5
1NZs6n6hl8UuMaX0UC0YTz, 5
3zAqapGmeTcDB4xES8LBUL, 5
4wQUopWk9Ed7Ng5qpKN5qd, 5
463r5bsN1VqGXtaMctn4Rr, 5
5gqGKzCDdxPHnRSkGoxD66, 5
1E2R5JS5pHLLQowZ4xjpiB, 5
1jKv2VBMGnhPDsnZQoaq1j, 5
3NpRkAnxexTh4TklAZNjag, 5
3Lw41pfko5XMrsHRtlbo2k, 5
3xieSkbcWlOsQUNFNIE4C5, 5
3hRV0jL3vUpRrcy398teAU, 5
0UV5zxRMz6AO4ZwUOZNIKI, 5
0zMAvsQmaQ4DGsmXtKixpn, 4
1zyGFId8xHOcRmCmehrwlc, 4
5Pkn31exSVgFbfDAH961QC, 4
5gIJ6UEog9PR840GJuEYqa, 4
3rM10JnYLTVRFBqzMe9Q6Q, 4
0zHgtaaO1T7AQh4TA9AK1b, 4
1iQEJgZIeIjLr35PVxYcJF, 4
7JTGwb6ug0z15F5roNLE0s, 4
2hKtLq0OFHoK7ftAqn456x, 4
7t19ubLwfZubJh2HpCUTrC, 4
4JE6agBLHGA5TaF6FlqfBD, 4
7asyVbwQE7IbA3x2be7bdI, 4
3vFZheR74pxUkzxqhXTZ2X, 4
0mFSV2Bawz8i9wnlc9eYme, 4
0THzsgFeDDpEElsRxyJBZB, 4
08KTQSs3ickNki7FFTb6fY, 4
7vgTNTaEz3CsBZ1N4YQalM, 4
7H0ya83CMmgFcOhw0UB6ow, 4
3YJJjQPAbDT7mGpX3WtQ9A, 4
0kFFvTvmSgJeNkVKPFaplu, 4
27NovPIUIRrOZoCHxABJwK, 4
6ibbHAoBrdqJxo345QGumd, 4
0HUTL8i4y4MiGCPId7M7wb, 4
2XwcKJW9Q0gaDIZzg0dKQt, 4
00RaykzZO1vFk3eSSxHYHV, 4
67BtfxlNbhBmCDR2L2l8qd, 4
4Uy3kNxW2kB8AEoXljEcth, 4
0boS4e6uXwp3zAvz1mLxZS, 4
6LHhaWs0HzuPhflDWiVtp1, 4
7s8VgA8OjvwBUuigKzEGBx, 4
5FVd6KXrgO9B3JPmC8OPst, 4
0xD23i0X1WjqMSYIxRfO80, 4
30bqVoKjX479ab90a8Pafp, 4
5E30LdtzQTGqRvNd7l6kG5, 4
58ge6dfP91o9oXMzq3XkIS, 4
1oTHteQbmJw15rPxPVXUTv, 4
0jA4h2SD50Oak4C3Vn905a, 4
0xBQvhJAm6f7J142ympKOn, 4
27X3qzgB0Show6qfw5wNOK, 4
2OmKXsgJxeoyJxOUnT21RX, 4
5anCkDvJ17aznvK5TED5uo, 4
5VphpldmtVyZH6S8RpHWLT, 4
7v4pPS4A7NgY7bxFA3Etv3, 4
086myS9r57YsLbJpU0TgK9, 4
7gMWTBRgB5CZdNDSuweCyr, 4
0qxLQ6opocOGyFnlXqJ53x, 4
