1lEk3U3MzbDeL5MNHkE9JU, 17
0rH0mprtecH3grD9HFM5AD, 16
0jOSpB2zK2O0SNxj8ZT5lp, 14
4EHWldZTas5KUyFtT0rQlY, 12
40lKptao1hxVqA7fd1OOGp, 11
1mWdyqs6Zvg8b1lKjDc8yB, 11
6Z31l856yEwyJqSBe3qLZ4, 11
57ifvUopbuDoMNpgSD6PzV, 11
4tZccDFqoZp8IN7VUnsJ9K, 11
0fxpHpK3aw2nFWII6yveDD, 10
3BDpn2Vivr1BFhlGsYs5tp, 10
40ozK0lCJ0EQzVGWsCNUhk, 10
4asTccqkv3G7KSKdy7QGED, 10
5C64H6dEsQ15bS9gp0D3Xr, 9
5VUQsLff8A3ruAyCdTxqzg, 9
1Hv54MWloXiAZDam1ez840, 9
0aZFEiDKLK2B4gzPaGCZVm, 9
3iOpiHDobxZO7S4p9Y2Fgu, 9
5O306r2a9Nl7rm5ZlaTqka, 9
3HZCMyuazaSOLgXexcMASl, 9
7wEIEqxdeyuvyVRwxMne33, 9
4JxBsbcNmDF7ON7n36mHX0, 9
5Mw9bXG1dLNhbjofkVS2oR, 8
0lVYRIVjK77Z6uG2GgM8Kl, 8
4KLj9QjEhJl2WU50mxRF9Z, 8
1xI9KSGNJB2eka8FMvovvi, 8
4PYOh644yKjYyvyVUHqcof, 8
3gtqd9P8kZblHf4I7Ybub2, 8
0YxrPdW9NpNFtqh7Fw0rva, 8
35GACeX8Zl55jp29xFbvvo, 8
0UdWxA5X4OBqCi3kIpC7Fb, 8
26G5yboxZToTvLJXeYeaZs, 8
63VRwbx7NFWSxtyqSNb8Bn, 8
5W9Al2ewPfzbWHOV2BAtBR, 7
2BuhGnXpqMQ8BvOUZpmaVl, 7
6r0WuK50Lpu9u460x84oBn, 7
6fdglWE2qycjtz0JlW94HW, 7
4908mwb34dqgcaxHeFjitw, 7
50lW1fKoDtyKaiR2bR7ksl, 7
1wuqCUWHniGdEmOKZbQ1cg, 7
6Up545NUflOiXo8cEraH49, 7
1sF4VadVaVTvp9WTEy79JT, 7
36e4Sr0dXiyzjVeBWv8cON, 7
4r5yle9whdWDsA6ApFGaZj, 7
6uExMEig887UmyXoFqdyOW, 7
2UsPksUedNa1Ok0GfPOJYv, 7
6DzWfnraxo4GAcyIJ5oSYv, 7
14HrSWGYPCDwqAcVFUYKsq, 6
1yYUIjT3bZ9RB9vejqYy9f, 6
6aRwLqDf1bN3lI2gMd6wXp, 6
0eI19vR5WZ12fuYcEFUVkw, 6
6iha1ZUpCGUJrrQLDSFYux, 6
2lUgap86Pux7qAgvWzuJWs, 6
4wc8FpW9XCUaoxtii3CiCf, 6
1GtmiINnAu5K2VEqyh1Xdc, 6
5legkLUDyq0qOg4TR7wUAs, 6
1ed3wNCecRIp6SugyR0w2J, 6
4LnHfZGEitmIVS17wndaUI, 6
2lIB1TU0Cqnc6RuYDjc92z, 6
6JV2JOEocMgcZxYSZelKcc, 6
2geM54lztiqrOuy0wR13Xc, 6
5qi0e4NEOpwQsot8aKpFOF, 6
4OW4aTDMRZ9tzJpkZhj0gy, 6
16SRNSAeMHcBZY1v30ZX5a, 6
5fSPbm5lcwtqwXkeQQswW8, 5
2MobJagQB0dGJoRqI8OT0m, 5
1dtzjTkNecIRAL4X3u4CtL, 5
0bHcGi6iafYk4TUrqvDYya, 5
4Hrr4U80Rk1tWXlP8RFTAb, 5
1gj9poFl2mLKkguqWo5Y1i, 5
2elEVvWjPZltkotzcCwKvM, 5
6LKjIAHCnZjaB4BfEIFHrW, 5
2XEdrmqNM9ZQQ24ViuceB0, 5
1z5xgcRgxxGEKrXUCEFpA9, 5
1NZWiuy0mlnsrcYL2dhKt6, 5
7mj5fT0Biju5jR41m9ghUl, 5
0pNizrRmvu5S16fH6ccm0v, 5
6TbG237Ir0ublbxXq2T3Yp, 5
17GmwQ9Q3MTAz05OokmNNB, 5
7zuwaenG5AF0vG7o7kMduX, 5
72b0ANL1ZiV71OiZRs0Lny, 5
3QhL4eWBVv64IycG3i9XTb, 5
2g5O5gEmjfgTDdupx7VMcp, 5
5SDcksP8En1l6RtTY1wzHc, 5
0W7KIc2GSB9suYQAaMZ9rF, 5
5XCtjnFMKtCT7ycDwV3Kdh, 5
2FJYXPlTmFPAjTwPS1bMnw, 5
0P0IfSuzTC6bLUsHjmDuvW, 5
2VuwpxQR7rTPWkoLkpANdz, 5
787cootcZRw5Xr47Of97AN, 5
0UXlu64mDLvfzR8IXMz06J, 5
1xO7tp4J5Wj0NeKrzIpd1V, 5
2MnLkFqY9Rpg9s3Zv6ZJdK, 5
6SnO4yCCYtz2rffMpEAlro, 5
6O5A41opiGbG2PphOnzZ6b, 5
57grEwbGqJc0XNXrV0O4Bs, 5
6BXej1JXrPgRIZQSRTK1rC, 5
4VP2VFkvf7rTQ4W0QY9AM4, 5
6O5LIpyP9z28jTpMncnoeJ, 5
73sVU2NvFYSsuNVI69qQMi, 5
