431qZaQAJuIolwBrlDa6Yg, 8
4yyg2J2uXOjCtCyT64984C, 8
1n9sCOqpuWdoFUZxJeBRkh, 8
0Y4ipB4nBIZA3dWUWcoeLB, 8
41yIvlFgvGwxq8qTqAR7eG, 7
0mJgYBqXh1B1KetCUVe3QT, 7
4vNi58k37duYWVUPJ3OQtk, 7
5yu3LOGDf4Y47XxBX6OEjO, 7
3mzmxVaXlVz1qT5r2ziGee, 7
5Gf1abXhaI10rBHOKeXNU0, 7
6SUVWUASzH4dfBP8vPb2uK, 7
4fbvXwMTXPWaFyaMWUm9CR, 6
7qH9Z4dJEN0l9bidizW7fq, 6
4k7x3QKrc3h3U0Viqk0uop, 6
70ZhYH2joI9RCE45TG52sS, 6
2NMA93HoL1DkxNLbnyOOqA, 6
1IF5UcqRO42D12vYwceOY6, 6
4qyfir5Yr7nfo05g6cyFMT, 6
5Pkn31exSVgFbfDAH961QC, 6
0wJoRiX5K5BxlqZTolB2LD, 6
1qRA5BS78u3gME0loMl9AA, 6
1bqrRn1pJWowNLA5N9L6uW, 6
2BOof6lYrGfz6BojJ0aeJd, 6
3Kj2EWpIBnvETsYq4cq0IH, 6
3GGt2kbKX4VFCs3VM5JcsH, 6
7zAoVpCLJFsyRfCbGUIAFf, 6
5g7rJvWYVrloJZwKiShqlS, 6
2KCqAdd2ad0hpJc5ySoTE8, 6
3bZx43GLQeXXVIGyXvhk6R, 6
3Z6raiZ9TdB3ZKC6fdhr6y, 6
1pFwLaLvKsIrYdL9YhPDqp, 6
4j6eZ1bIO1Uz4lvECRJvvz, 6
2cYSSkFFFRByPE4UAe8cXF, 6
1FvTwExqFdUrteMeOedwBi, 6
5HxBraHhwyhyLPRUHodX4K, 6
7a1wqls4qPsDwd0ZGYg2LC, 6
4vOC1K6rq1Xp5FYrHDGneN, 6
2p6Jv9mL4dUsKfhdVvHufo, 6
5JvXCdAxMsQiPk7Sf6F4bx, 6
2dKNF0EYNtLbUlgLhWwjsG, 6
3aTEisazzfJJSEnzdHW7rp, 6
2unSnHtBPVc8pUUi0roONR, 6
3sQwDiyaYGQD7VqHHXCllh, 6
1rWF3tXTZarko9sevQEi7o, 6
6eAXvj1nkJFRscOMhB0PaK, 6
5S8jZV5LeZODEITey2AqIP, 6
6D5CDCsPHCEptwVZ2LLNpz, 6
1bwlQRDL3zeUx5TC4HVzNq, 6
28sWYevC75ZrUMJ0tD4zWM, 5
7a1XGxwYRr3YUW3NpKrBDX, 5
23Hpf0InC4WVSmg9KaNxIy, 5
6bqB7idfAnJVisSMQA1mZQ, 5
7pecvxazasdLJwT4IQbmUa, 5
37zuIvk4KBkAxxLJsxJaHq, 5
3d8y0t70g7hw2FOWl9Z4Fm, 5
5MMZJtHOiH1RmQSSe3DJdg, 5
3yrSvpt2l1xhsV9Em88Pul, 5
6ToM0uwxtPKo9CMpbPGYvM, 5
45p0MAVey0dnjZXo8kMUzh, 5
5zLXUaYlIqhTcm7OJVSqgb, 5
4Kj1bVGbCPcefOMXYPJkhV, 5
6sSafLNnD2kljo012VSdRu, 5
1FGolefVk3rQ2Vo4KvyGwb, 5
0rl1mAu2HBkIptk1rUtzlI, 5
5mChZj2DkveQkSqC6tXHdZ, 5
1gQkBFhxuDAfp5QQ2SP7ik, 5
4sYfCERMWBYDoHku3wAJYJ, 5
2jNn5LOOEUswQHJNnO3LkH, 5
0Qf6vpZlHGDQHIpcIaNWo6, 5
3LZx7JD73a9oao8hT7lt9g, 5
6XrZB8gnnuSqXZJKHUZ55C, 5
4VuM1LN6q2w3BUWnKKiYLT, 5
2obv0TqY1j7Vb4upuhA8Q8, 5
0NlS8U09m91sam9SboKNpA, 5
57460SJgSpCXaRJ9YIYHxy, 5
0ofHAoxe9vBkTCp2UQIavz, 5
60ZGteAEtPCnGE6zevgUcd, 5
3CAX47TnPqTujLIQTw8nwI, 5
1lJBRKkB6eIL98dv1c1PCC, 5
3xMz7JQhJWgS6f6kRVjpHG, 5
1o7tEdSpgjBo1gytmCv79p, 5
3BamLgSS5spS9pDMRUC4nW, 5
3JdSUfS0Zm0NVfnIEO8ntG, 5
0Fdk9FgZJodhV8u0sZjPy8, 5
2Fz1wFaIew3srIjazAZwUK, 5
34ZiIdbnxHrYEMpUxcwU5T, 5
6ghxTqBIiuWOiFNXkm9b24, 5
3D7mQo3KCY0vu7YelnixLG, 5
6rUgfJuES45VzmCzMHrfzG, 5
22U0EjcRCMdgnxAahDV0rP, 5
5f6gW2b4DeVFcEe8cnEe8v, 5
11fFu5kxsE98r5SYKLKUAB, 5
2q5Qpn6AwJZbjqLRWY31UN, 5
7iirzgiSjTlRbyOhYQwOkm, 5
4FOL6IBAyUq6HVUrxVJlOj, 5
30yoPMZpg8N0uDjgkVRSIQ, 5
4sWQ4tqUfTKosEcxGvYIbo, 5
6gory3LC8NvdSaXZHzTiaR, 5
68AbnN0cEtX0MNjpRflhJO, 5
18Og7hnMbutTHBgKCqJh4i, 5
