77DMKSy81rEgMqCz5mgfIf, 12
5W1qmxHrMlQGGAiFA3ZQqP, 6
4hI5PS8GWCftS1AUgNlJV1, 6
12upFOLFbpQ5nTENWm2Glj, 6
6hf0RpxTbOprT5nnwzkk8e, 6
60ynsPSSKe6O3sfwRnIBRf, 6
5d17AOnsSZLyWuVMYEGvjM, 6
2JPLbjOn0wPCngEot2STUS, 6
6lX6l7OuA3qrnIRfdsr0dw, 6
5clFSlfkCRlhnH1cAQjSBi, 5
7iL6o9tox1zgHpKUfh9vuC, 5
2yIt5SGOZCHE2PuzcXfOof, 5
02M6vucOvmRfMxTXDUwRXu, 5
5fwSHlTEWpluwOM0Sxnh5k, 5
05bfbizlM5AX6Mf1RRyMho, 5
0UR1AEwhR0fPspOYb0u6Wi, 5
2vmfvSoZBFAt9hhRoEByLi, 5
6c32C8T3KlXrbvWSoD5aON, 5
6HoYqaTWEpeSyuMMgREvyg, 4
39RRlNfnL18TNJ2i7XYxhH, 4
2ckqPVu69e9n1RAuSep2NQ, 4
5GqBuGhnj9Km3LlOcaN101, 4
10mqz0d6uiVNYa1ng4QlWl, 4
5RR4sBH4TRqyFp386kf99d, 4
75L2KgB1DNkjY28GVB82nS, 4
7c5Ny3skYBWh5ByNpaUcZZ, 4
69oJmQ3NnWHQriYQ4L8dKa, 4
1UUj1iScVn6wOXiBSyBhLn, 4
7uXAWHUWb9XiR7tXoLw4uD, 4
5fQiM6oa6M00dBNNcS6pSc, 4
1LLQm9kM9QrCSUQr1deDZy, 4
7c6DueTr5BfxnF4RvtEccH, 4
2lZEnKxY1v6wgR8ipQMwEI, 4
7j8K8PE1tO2TvhY15E8ZcD, 4
6vOwDZnFovhiJiQEgiePTE, 4
1y1YFAf9maXPz5IVI50mEh, 4
1wS6eqgFznjq4P11vtBH7k, 4
3M9QxRO9MGJuhk0fQhGhOn, 4
6OuXYdo2VotwVcV9kEBqS9, 4
67awxiNHNyjMXhVgsHuIrs, 4
0r2Bul2NuCViraT2zX1l5j, 4
40EDOraCqoiMf14TzODihf, 4
2mqp4lqyorfWNLUUxnhvLE, 4
4erJBoqNtQtSgwTmnSGY7A, 4
2xLMifQCjDGFmkHkpNLD9h, 4
6gBFPUFcJLzWGx4lenP6h2, 4
1zrTET6hil9XNlRcSwRsV1, 4
6PDlkWmrq2ZKiUuFt2aQsH, 4
27RSJHEA99Y0Vsow7nA37A, 4
43qcs9NpJhDxtG91zxFkj7, 4
0KzpkACompmNTiQdrzSbwQ, 4
3PEMWmmbisGv371RvTPnuO, 4
4Li2WHPkuyCdtmokzW2007, 4
3PcrNUFsSYnkJJNE6roBKl, 4
0mta8sX4CWGPg2UNl0opm9, 4
5qMBjLvAa8BnShLMoehFkY, 4
1jCoAM7i3fDWvcWOv2PX0U, 4
60CElvvDYa45pZ66lfRuTq, 4
4fSIb4hdOQ151TILNsSEaF, 4
3JCaq3KDSROg3TXhdiDa9n, 4
7iqOIHHEmu6Vhw25GgQ2eA, 4
6GPBXtnSepHovJi1uD1Ggj, 4
2KcNrONbZ0hvBPjvrDO2tx, 4
7CnRKqapOa3fCKWCI6XizL, 4
71eT7jfJ6iNhTIxzBuqwkA, 4
03tqyYWC9Um2ZqU0ZN849H, 3
2NyrXRn4tancYPW6JwtTl2, 3
4kNvYhyl8R6m1vykVkcuBu, 3
6rUcS9i07F6okIe8wujs5J, 3
0wCC06ziWEkYOif44iFggw, 3
20pJKlNIU3J1CrvhBr1kQ8, 3
6n5hSi8Mdyee0XvsmIffeV, 3
4nfn4q3ygnHhriDyYW6Fkf, 3
5SEyiGqIMeZcFpC5ycODJc, 3
1Pf1qN0amPFq5CrZlB60bl, 3
7rbtNjuh56l71xV7Uowf50, 3
7M3KyYaVUCSsCalhShI8yH, 3
5ZauIeuBfvOCpBDZwEduaE, 3
3xLgpixCKiEXyrBxpNJwga, 3
5qaaQp6KvkEdB2q7SKQAcJ, 3
4Mh5wGoyhpzYECcGdmXTmc, 3
6LDCpaEEwymjW8Fj3l896N, 3
3g1yNMutQGZUmcaVArVaf2, 3
2M4D5sqhj9aHkvqaqOH5fL, 3
0OybPcLDYOTBxLtnLu1kM9, 3
753bRd2wyS9jRMsguqkL7J, 3
5WCilecRDzclVGuG5qMwKX, 3
184HI8TB2GGFMkgOQvVwYW, 3
5EqFKibwuIStKtAW5y8MQt, 3
7LPL4upF0pcso4mdHjVin8, 3
10QAeCq9l8syEIuhKvpNxb, 3
71QQob1CUAwvN4pfC7jkLM, 3
6vdALpNCw1AYYvFMQLmYpU, 3
6iKh27IuddYWKDKC6x5NtM, 3
69T50mZU6jlxdrrZrrxRNW, 3
6GfqrsrHtwS9gUmZ6ZjPtu, 3
7J6jiiXOgqm7z5AeKo32Nn, 3
4zEZYOl9qMNG2bp15WsgLB, 3
2MQ51y5NhCyva4SgWmK2Me, 3
6uGjN966pQMwlpS3D3iv8n, 3
