2urbQdw8qJun93wJW1CDSR,East Bound And Down,Jerry Reed
5bq01WNMK6Clxt0i8Fxtc5,Cake By The Ocean,DNCE
7yLioBiZbB0n1U8CEzKdnb,Cake By The Ocean,DNCE
3r0V6TPxdwcXP5CGQM4FbQ,Tag ein Tag aus,MAJAN
4QNdvS38mhYW6C62uyWD5e,Juste une fois (feat. M. Pokora),Fally Ipupa;M. Pokora
23aoHLxcussReeVkhPXr8f,Dúfan mín (feat. Birnir),Logi Pedro;Birnir
50bknBmd8CXo453MJocRFz,Mörkret faller på,Hansa Band
1MBtfin3EigvNyhJHhXxpt,飛起來,Yuki Hsu
4i5LWLaQNJgRi0EBEwP7mm,Losing My Control,STANI
1YYyfjeqq910iiPShYlAYj,OBOK,Żabson
30hqBP0c0kjMDLP3uiv2kc,光之翼,Faye Wong
4O3sAZoZDIhNRcfHNuU4Ps,"Venere e Marte (feat. Marco Mengoni, Frah Quintale)",Takagi & Ketra;Marco Mengoni;Frah Quintale
6sqxW4naljEygJsNGtNsc8,Uns gehört die Welt,Bernard Mattee
4ta57FnAeN7nVUXJ2hjARK,Ik Zal Je Nooit Vergeten,Koos Alberts
1bO9dpLfRsdi204FNTSvGF,Now I Lay Me (Club Remix 2006) [feat. Amanda Rok],Jesse Mader;Amanda Rok
4ZvzeXT47LMTU9qKPVAL8L,Ze Kunnen Zeggen Wat Ze Willen,DD Company;Minidisco
0njlZ3O5tHVc3COQJ6B4Jw,Swing It Bob!,Mocca;Bob Tutupoly
5Q77uFzhWpqXPtyyzfYMme,7 Years,Lukas Graham
23ihGIrYOSzNNGJ6STAxI4,7 Years,Lukas Graham
5BH7KYCLqfMS4TAxE78e3s,Gadna Poroda,Azis
0JHS2Bm8BGhMDBVvoNY0cQ,Beauty Is Only Skin Deep,The Temptations
5EOwRI2XBqbpWsIxkW3hdi,Sciccherie,Madame
7zPkAwTFzhcvDFsenmloFS,Kuum,5MIINUST
2mXYKXk7wkTQoSQlEqVxN7,Clint Eastwood,Guzior
4epacOApRVKYVHObke0KMb,Ile aye,O Rappa
7o3i2KXP3W5n3kjk4Oujtc,Ich liebe das Leben,Vicky Leandros;Andrea Berg
0eUpCmWGJ6yZuFawkz3jgq,Cert vi,Walda Gang
6C1RD7YQVvt3YQj0CmuTeu,Diles,Bad Bunny;Ozuna;Farruko;Arcangel;Ñengo Flow;DJ Luian;Mambo Kingz
1kiRTBzkbSABfYl3Oz9JDr,Eu Não Valho Nada,KVSH;Samhara;Lagum
01iIIgdoDuKn3yaNguCMmG,Good Weed Bad B*tch,K CAMP
6fZwYVoQZYlfbTmNFcizFl,Acele Etme,Hande Yener
2e2HMdW6WOTQFhSQ0xXMJE,Jonk En Dronk,Snotkop
5Zod9vwRRoE8YHECTFkXR5,Runway,Ego;Lvcas Dope;Paulie Garand
6bZFJOkmgekhgrmykqdCNH,Me Gustan de 15 a 20,Los Hermanos Campos
6IeOxXXCFvi2159T5YrDAM,Es lebe der Sport - Live,Austria 3
2sLdAdKdzCjGLGP5Yp3qIO,Es lebe der Sport - Live,Austria 3
0lxV7IydOdiJ6BKrkhtDhX,Champs-Elysées,Zaz
2TceGONzzKH5mskSzoTpfA,Africa,Wonderboom
2qT1uLXPVPzGgFOx4jtEuo,no tears left to cry,Ariana Grande
5yFeG4WoYAsklfTef6fbu0,Bomba Chaya,Gepe
1CGhHQZF487xpWITQW1bam,Entre Tú y Yo,Chema Rivas
4c6axGaaoDchM1Ns8LEM7F,the feelings you wll feel (7-3-18),i.am.orange
1uPxJtbhbOuPWwV22LPfp5,Autolla Ajetaan Varovasti,Ti-Ti Nalle
0UsSCd7rHM0uLq4tCrayW0,藍眼睛,Sodagreen
1Y7wKIyM3eTgNFGga9AS0Z,Crazy Horses,The Osmonds
6GVf2HY2SKywqWDtIlcO9x,Secas Li Se Kad Smo Klinci Bili,Milance Radosavljevic
7McR4mwjV33cqnJbFpxQjt,Casa 69,Negramaro
14NfniBTQArNScCIX3panA,I Nat (Artigeardit X Medina),Artigeardit;Medina
19eAlqaKQu6rBlTT7cF7nX,"Godmorgen, godmorgen","Lille Per, Ole, Mie o.a."
0br4r9VlPdofrWXxPorlYd,Why Why Why,iKON
6lRU6Frdy32zvYXLcqTiad,Eu Vou Pegar o Metro,Cátia de França
10VZGgDMhvjVnsh2cytOE7,Ikogeniaki Sinomosia (Erotiko),Tzimis Panousis;Mousikes Taxiarchies
17VsiwLi1ovKYdVUqDieGC,Prendio (Remix),Rvfv;Omar Montes;Daviles de Novelda
4F9TcpOdj5LMqgt94kMWjf,"עוד יום - שיר הנושא מהסדרה תאג""ד",Full Trunk
3SNOoNcM4sHo7TdeUJX1PL,Invítame Un Cigarro,Joan Sebastian
0ihguwGVwKihJ1Nj8fGQlY,"Blinded By Your Grace, Pt. 2 (feat. MNEK)",Stormzy;MNEK
7qeCTNlzd61I7WyHLg5jZV,Dyrene I Afrika,Superbarna;Alexander Rybak
1OlCdAM5kD9WTxR2efAXrG,$$$,Nane;Angeles
11DFxc1pjkiPmWSQuTlZBX,Ingen Plana,Ingenting
3CUSlPTT1RNStZ3MzTQAr5,משחק פורים,Ruchama Raz;Dudu Elharar;Hana Laszlo
264b3qoi07fjK6KxLuQ1NP,You Can Get It - Single Version,Mark Medlock;Dieter Bohlen
124UdmIFUMliYhhmTYdwtk,ROLL,PornoGraffitti
5obgsswAwDiuGG6GGrOp20,Si Tú Supieras,Dimension Latina
06nOmJFhdA79jVXN2mQYOn,Шмон,Vorovayki
2zN1Ew99XwEdjnSWx0MHGE,Rutas Argentinas,Almendra
3brzKuyZbnU1cIHG0UIDcq,Presidenten,Sebastian
76hJ3vEgb6jUiYUEkiTmuQ,The Music Never Ends,ARASHI
4Om2YYtOTtFNihQR6wmZEZ,Keď bola v móde polka,Zora Kolínska
6xw8ld1ztoCKifwTN6uGDq,Black Hole,Griff
2jsT33SqnrFbRr2LXeSMC4,Бгтв,Руши
79028GGUYOm0k0rwdJLApL,Cayo Arena,Juan Luis Guerra 4.40
008AiA6LdgIQVtIYn6r7x0,Crawdad Hole,Big Joe Turner
6rKTVphWYFPVkOgiA5lSJC,Svatební hymna,Rybičky 48
1OPDTFljLdfbALLeEWzsfp,Alle Kleuren,K3
7xIXj0Bw5nr2GOA2I7kVSj,Negrito Cumba,Sonora Palacios
1wmRh77RuUKNqgBZ7T5bpO,Ola Esi,Giannis Ploutarhos
6FroenDtiSvMMACcUnqmI2,恋に気づいて(1997),Shogo Hamada
68PFKWQKMd5Qt82uKQ8XMt,Dis Verby,Ray Dylan
5lErPQ6LkfWJEY6QOawd3z,Aharisti Ki Alitissa - Original,Despina Vandi;Vasilis Karras
7hzlzoOwCZ4D3Ow5YZK4kj,Insomnia,Daya
0IZ0jRXyoxGrdmSszRczxT,Teachers,Mykal Xul Project
2bJvI42r8EF3wxjOuDav4r,Time of Our Lives,Pitbull;Ne-Yo
4RVtBlHFKj51Ipvpfv5ER4,Drown (feat. Clinton Kane),Martin Garrix;Clinton Kane
2sz15cgzZTl6lhgx8KUXNH,Aquele Lugar,Planta E Raiz
2vgS7s4wh1IqA7LeQixfF5,Viss ir iespējams,Intars Busulis
4cn0sgPdsTP4MA2sSRfYt0,Chingo a Su Madre el Buey,Los Inquietos Del Norte
70mPF4cLf6RVpF2t0dPvpk,Inside Out,Traveling Wilburys
6Mi1qIMGtA5T9eEZ3JEoZz,ครึ่งหลับครึ่งตื่น,Bodyslam
3atvRqqBp2qH2KFJyNO5Ff,El Chillanejo,Los Hermanos Campos
63Kd16SWsBZESL3obP300p,Baby,Little Richard
62udtrscsiWeJSONUvIZ0U,Tus Maletas Ya Estás en la Puerta,Koky y su banda tropical ranchera
3NLgQrpmotoUpmTP9McY5e,Du entschuldige - i kenn' di,Peter Cornelius
7c0ncH3ZdBCzRFCc1FluQ2,Dokhtare Irooni,Andy
6n7rJUcwmQDestMYXoSoZF,All Cried Out (feat. Alex Newell) - Radio Edit,Blonde;Alex Newell
6mB2CTqOIiF18RFSGBJM4X,Le bal masqué,La Compagnie Créole
0ZgRT1UmcCJ36KY39Jb1EA,Le bal masqué,La Compagnie Créole
5Rsy64I6WsLsfuM9nsqR4t,Un Poco de Respeto,Attaque 77
4OeDZhsYg6pA0QYlzeD9pQ,Maradona (kesä ´86),Teflon Brothers
3bWAqKDWg6u1davspr5IkS,OK,Robin Schulz;James Blunt
32y9LSjv2Q49T3NnkETXCm,OK,Robin Schulz;James Blunt
4aE7oc6DyiMvNWutwblivY,Jane Kahan Mera Jigar Gaya Ji,Geeta Dutt;Mohammed Rafi
0Fv1BhESkVabGfhPy3vDbV,Jane Kahan Mera Jigar Gaya Ji,Geeta Dutt;Mohammed Rafi
6ANs9zKBz41JAXYN8gEh4X,Ostatni Most,Lanberry
0EC2lYMM97Vghq73ZmyvZ4,Inga problem - Remix,Snook;Veronica Maggio;Petter
5YQIeiAvSbCsZO88ALWve0,Fijate Que No,Vicente Fernández
5VQV8HQQvWZeJjbW7AGxAl,I Wanna Love You So,Zuzana Martinsen;Juraj Vancik
3Vxi4kdSC8S4ISJH8WQjyw,Smurffi Saunoo - Poika Saunoo,Smurffit
178h0HPRRgLqrkNCooUxpg,情人,Kelly Pan
6rKLddhJXAsHetL8rwqjnJ,Ballplēsis,Bermudu Divstūris
2WgZU7DYg4cfYtsiocCIal,I'll Be Your Sister,Motörhead
6HFVoNXErW7mM9P9sfunYh,Adios,PRO8L3M
0rPR69G9HEELU7rOP5Vb9u,Ak Náhodou,Darina Rolincová
3wgOWsOoF8RevVGEKg91I1,Spania,Despina Vandi
7KRup98uSJC1qKJuFuM6fV,Pitando no kombao,Raimundos
7KqxlGaaGIjO3gt8wHDjwY,Bye-Bye,Sarah Vaughan
28rL0wdCLmQJ3aOUzytEuM,Kad Zamirišu Jorgovani,Dino Merlin
2Hx1GvO5gS5fofG7hhryxt,12 Kuud,Synne Valtri Band
5AZqYHC1vvBnrFI2MslOur,どんな言葉で,ARASHI
2tUxTQSGGteM7HljpqWU6J,Boyfriends,Marco Wagner;Die Obersteirer
4dcMymOM4uDaH0NrwdktgN,Trap Phone (feat. Capo Plaza),Guè Pequeno;Capo Plaza
3vKmAe0pbwkW3HB7qZ1uro,Um Minuto Para O Fim Do Mundo - Live,CPM 22;Dinho Ouro Preto
583xVl0Sbj93uU4ceixgU8,I'm Outta Love - Radio Edit,Anastacia
4DoE6eF5rYn5OfXsbZorW5,I'm Outta Love,Anastacia
5oDZhg821jhF3i3TtO8ffx,I'm Outta Love,Anastacia
2CaseM6BKvQpi6blK8nbxC,I'm Outta Love - Radio Edit,Anastacia
3J9wHa2Epxs8cMss3DEkGh,Srdce jako knize Rohan,Richard Muller;Ivan Tasler
6hYHqsdIX40eXwNZ1qOkw4,Bando,Kalash
6sGeBxS4PIEtZdWpgdnitV,Lemon Tree,Alle Farben;Fools Garden
34Q8GtTPwOfOH1LHqSRl0R,Respiro,Franco Simone
5ifXbB8Hy0ZaPN8h3cSnk8,Alvin És A Mókusok,Alvin és a Mókusok
5LBIKCZ2knn3xzoWmKVDaD,Hagame el Cambio - Remasterizado,Francisco Canaro;Charlo
7cSP0MGGYVANF20tjeI1JV,She Only Loves Me When I'm There,Ball Park Music
4g23QcWnxwfTRZd7SZvHQ4,Honeybee - Live,Johannes Genard
19WvyCVh8Ym037ZWHk60tU,Hully Gully - Remastered 2001,The Beach Boys
2ffhBUWXoCpRFSzXkPbGEC,De un Rancho a Otro,Vicente Fernández
6AmsdslYqV6gTUdURglife,เกือบไปแล้ว,Nantida Kaewbuasai
0n32nnf0mNmJvSJnAXZfMP,JAM,ARASHI
7129iqBafaphfc3WPCGC0L,7 Years,Lukas Graham
0Am0zra91RBZ0UhArBvk4p,7 Years,Lukas Graham
5xKPzH5wBM7YZwbW2kFGAb,Tissetrengt,Barnas Supershow
5R83IwaawDYinIPXbGTsub,Hymna Osady Bobrů,Krausberry
21d7TFfdiUKcfGfj1lea7N,Fail In Love,Sharon Doorson
1uD9Q20YIl8OmGXaiIz0ug,Turagsoy,MAX SURBAN
476j7IDRIDRvv1Xu71EVc8,Never Be Like You,Flume;kai
2UEZslte9D2RhlIFQ4Nk0M,Solito Mejor Solito,El Palomo Y El Gorrion
0S97fTj264zDbSQ5yWQWqB,Ahí Va la Niña,Andrés Suárez
503pLweWD0ucuiuiMhp6tz,karanfil,Sıla
6LvfPTBltFJixi40e5uqDR,Menneskeforbruger,Fyr Og Flamme
5JZGcyxf3Pl21JTHerhxMn,Za późno,Kayah
39lS97papXAI72StGRtZBo,Wrapped Up (feat. Travie McCoy),Olly Murs;Travie McCoy
297OGkUstFtVBrBr87jEoX,La Planta,Cuatro Pesos de Propina
1M8yrDn0ajtZvU8pR2ak8u,Imitando Os Animais,Xuxa
7E390nZTMqEbrNC1TmHd42,The Feeling,Justin Bieber;Halsey
1gJt0OFStLJUwrD4rmouIR,The Feeling,Justin Bieber;Halsey
3hTUryaXa9iKtu0ES6EQeu,Empatia (feat. Nicole),Suvereno;Nicole
2mpAWzJ5groiSN6vxml847,Viimne Pilet,Anne Veski
3Wma12n0JKFUiIIu8gx8Dt,בשמלה אדומה,Lehakat HaNachal
5wtq4PHendYELOJ5Ww2wM5,Happy Place (feat. Cathrine Lassen),Faustix;Cathrine Lassen
5tf1VVWniHgryyumXyJM7w,Sugar (feat. Francesco Yates),Robin Schulz;Francesco Yates
3NFuE3uDOr6QUw9UZ9HzKo,Sugar (feat. Francesco Yates),Robin Schulz;Francesco Yates
2GhboGOQfXTIUpFvuSzYgf,Como te imaginé,Demarco Flamenco
0MOOl2LWAWkCWlTZJSLhLZ,Ka E Det Du Vil,D.D.E.
3sVfjl9XFBk8gjGrph7EWo,La Morena,Ilegales
76UTToAC4uVuQZk0jMCwEb,Kivi Sakset Seteli,Mikael Gabriel;Elastinen;Pyhimys
2kk2L7h0qAsBFYeNyOiU2m,小姐!咱是尚速配,Daniel Lo;關琍菱
6Z1KNUrW7f6oo97w8BNom7,Girls,Lil Peep;Horse Head
18kGgBe6Huodd1J2SxYkAh,Porszem,Follow The Flow
2BEmprgjAGaFbBFrJAMj5l,Teemu ja Jari,JVG
4MXHBiKcdqHBJ4PeHQJBHO,Måndagsbarn,Veronica Maggio
4sXno1Xdh95NPsXfXGQG5R,Ostesangen,Sebastian
2fRDJbljeTcNTHD6f63fuh,Like a Child,Juli Fabian &Zoohacker
0OFQwUVOYXn4E8scJq0PAc,Doncamatic (feat. Daley),Gorillaz;Daley
5TBEMrbq8GyWpVfIIZK96Y,Take Me Back To The Old Transvaal,Thembi
54SpjxPioot7g7hVfbrXHh,Lies,BIGBANG
4KktZd9BGHZjW3sK03O4zo,Push The Button,Sugababes
5yCXLEi384DHGRXYMXgjBR,Lie Like This,Julia Michaels
3UvFfxNQFGEa1jIOVWuyrf,Ich lieb den Frühling,Simone Sommerland;Karsten Glück;Die Kita-Frösche
5fW4TKcWuk4hgasD60JyZv,Oh la folle,Marwa Loud
6AZELCmg1RWmRmfOEkqyFj,'O Ricuttaro 'Nnammurato,Squallor
355bn96bz24cQBcoKDVjGe,Push The Button,Sugababes
1XEHH99mnifjhtzxKrHs2v,Push The Button,Sugababes
0jWHEPqCnNAHtpgcKvJCvZ,Groove On,Timati;Snoop Dogg
1qpyzrCKz8MaBjH4ljnGSP,Da Ce' Tu,Irina Rimes
7cgt1gKHwZDRJHFqhC62CB,"אני עומדת במעגל, חנהל׳ה אופה קטנה, יש לנו תיש, בן לוקח בת",Uzi Hitman
7nZehxNRWcDhLC4o6SLSyn,La Ensalada,Tan Bionica
7FxidSR6IoL3qMRXxFJ8pd,Does It Matter,Janieck
4Nw319v49NEzangN8aW8ti,El Fiao,La Familia André
16IT9SCs4vy4qmCfuujX7M,Más,Ricky Martin
2SSAm64DnzKKlfrGUEpULX,Shampion,Anelia;Jivko Mix
1xGeJ6COhuLc9TwUCWyWgk,Lost Paradise feat. TSUYOSHI,BENNIE K
54mp4tmF3nXH7Jeemy9Pqy,Playboy,Ann Christine
2PQyeJy4gr1qizvqoqn63g,Cenit,La Castañeda
2sz4PEf3VD5fMtPW72X6bM,Veera,A.R. Rahman;Vijay Prakash;Keerthi Sagathia;Mustafa Kutoane
5md51I3N2QucLryUZn4aew,Alfarero,Hermana Glenda
32YAcaOr2WgZ53EuouRVwg,It's A Crying Shame - Single Version,Etta James;Harvey Fuqua
5tAa8Uaqr4VvA3693mbIhU,Ruin My Life,Zara Larsson
047k6SOHSQJSzogLYJyRyQ,Barbapappa - Igen,"Krämen, Giraffer Och Andra Saker"
76cx8lJ90Lr0ksgk7KfPVS,Saanp Se Badhke Zehreela Insaan,Shailendra Singh
1XcnxfOeLvLPGh2Drr2yNb,"Bella ciao (feat. Maître Gims, Vitaa, Dadju & Slimane)",Naestro;Dadju;GIMS;Slimane;Vitaa
4yFnOvsT5GGhotAirFKuHM,Look at Last Nite,Slade
64kJ99RL1cKnmaXeJ8WqR4,Tanssilaulu,Herrat
08MMIHUj9iYvoAO0QXHRFT,Bağışladım,Nil Burak
1QXBv8hWcyKZSpvktz7uXs,Imagine That,R. Kelly
0qUlNrJSXzvOvSCOqVwZdc,"Sender mig til månen (feat. Kidd, TopGunn, Klumben & ELOQ)",Cheff Records;KIDD;TopGunn;Klumben;ELOQ
6ttwP1hRhvbcmFSuU1suaK,Äänii,Mouhous
3Atr08f7fByVZQdk0dOmz3,愛が止まらない ~Turn It Into Love~ (Original Remastered 2018),Wink
3CWgv82JBVeL9KX48BNLmb,Perdoname,Alex Bueno
2qQCU22yQXKjhytKUBxa59,Comfort Eagle,Cake
5EgjFlyLSLt2sJ9UZASr5J,Desire,Years & Years;Tove Lo
4yTpkNt0XBVDGZE5J8ZfBK,El Tortillero,Duo Rey Silva;Mario Catalán;Elia Ramirez
3EDS89HeAhHiZKlljciK0a,Push The Button,Sugababes
5ZgS861h07qmsAIrfsrB0e,Push The Button,Sugababes
73ucpKq91TuejrLHgzDNHK,Poison,Rita Ora
5fXLBdMIddpwB9ywn3SdPd,Kiyakiya (Key-Ya-Key-Ya),Babatunde Olatunji
1UCYUmtRasaGktlzmSKfnr,Borderline - Radio Edit,Michael Gray;Shelly Poole
2O8IoWrAHEaEadxDd0dJ0y,ループスライダー,Magokoro Brothers
4xTR0PnYl9LTn0GEnyaYdF,จะรักหรือจะร้าย,KLEAR
3COdFIPnjSKJwZBPIyGQsw,จะรักหรือจะร้าย,KLEAR
6y9ZDAF0z8dHErCid477DD,Spring,Adel
7uXQAiHezf6VR7txWkS86Q,Cavalo de Tróia,Mc Kevin
09MtNaY1DcRqBumCkIRVND,שני משוגעים,Omer Adam
74z0dvWKV4qQaymHEelQj8,車線変更25時,キンモクセイ
0uq88T5irdgDj8myFCcu7q,I Loved You,Dj Sava;Irina Rimes
2eS7uLObZBB25voB52Wyyl,Ta Tragoudia Mia Stalia - Live,Miltos Pashalidis
7mBmkhVUWX0H6KgW691LbB,Quiero Buscarte Mas,Juan Carlos Alvarado
3PwwRQRDvqn69cwYnjO7f8,"When the Going Gets Tough, the Tough Get Going",Billy Ocean
4iMdbdJHX8nys6jD8X8RUJ,Pehnidia Erotika,Stan
77vCn7iUHH8KAOqdOe1XjY,I'm Outta Love,Anastacia
2CyJDZFeNvZlHDCKIHSdyw,I'm Outta Love,Anastacia
6hJRDlsnRK5o53tbhNC9VU,Pakker Bar,NODE
5ldwuDz9S5sgDpXiG4Anjk,Ritmo Sabroso,La Sabrosura Uruguay
6BbGZkEZl8OCvtElCWWgT6,Quero Provar Que Te Amo,João Bosco & Vinicius
6L0Hy30YLzupOdrhZzdfo4,"This Guy's In Love With You, Pare",Parokya Ni Edgar
3MJOiicdOtPcXg0uuvM1VL,Stars On 45 - Original Single Version,Stars On 45
6B71GKmm2ogxd8uhpsMr9n,Stars On '89 Remix - Radio Version,Stars On 45
6NZVyvViCQ5Xv1kxwfDBlt,Stars On '89 Remix - Radio Version,Stars On 45
3oox2Xx8mKhc7IA2K1RYeM,Risin,Natalia
5jb55O3h5dfOK4YMUbTb1Y,Revolting Children,Matilda the Musical Original Cast
0OyHCmkCp2qZJ44ZKB26fX,Si Te Vas/Que Tengo Que Hacer - Original Remix,Omega
4uMtBfptt6voI0G1QpaHli,Bis ans Ende dieser Welt,Stereoact;Chris Cronauer
5dWr6w0oqVNLNv319HXI8D,Luau Cha Cha Cha,Annette Funicello
6I4snLrVOrJsLdd43isc27,A View to a Kill,Duran Duran
3O9zeBmAi5JRBMSpIQGx2v,A View to a Kill,Duran Duran
33FWCT22q9fuXoExZJ8pPc,When You Come,Crowded House
4cFzNx73J8D8kthHkkv2kl,Mi Caballo el Sapo,Dalmiro Cuellar
05tppeqeWMYFURZT9pbRHz,I Stedet For Dig,Burhan G
4S0VjlSeynqtyeRRXzIyuR,merry-go-round,CHEMISTRY
5as5HurTt4u7BuFIT5j8am,Bae,RK
0sdDRM8opY9ztBj43u5UP8,Slow & Easy,RubberBand
7qqxZi3lnnNNdoeUOwzN6g,Straight Into Darkness,Tom Petty and the Heartbreakers
5jsxE1nDuRrEgN9gmbWWYS,Playboy,The Marvelettes
46xkXPGjR9Ig9BcaTUNus3,Your Song,Rita Ora
2CfK0v1VqLLNSYgPVzRebR,Ah Dede Vah Dede,Engin Evin
42pQ5zAOepI7XbRwoeSHCx,Il faut naître à Monaco,Joe Dassin
50W1CXTEpBQro6XBeJTVYl,Figuras De Amor,Jorge Oñate
6DnwRjYJ6nTa10ocAsn1I8,Perché ti amo,I Camaleonti
5DcesAotilkoql4XOs7gwV,La Ballade des baladins,Gilbert Bécaud
7ql2RUmAmj36tkMUNWo7MT,A Un Paso De La Luna,Ana Mena;Rocco Hunt
21lyA2vyS98vmmW2NUdd9a,Dhup Chik,Raftaar
14dh4j7KFU1L0rvxQS3TkU,Haifischzahn,Hanak
0w3BV4CNSy2goVLMGhE0fF,Jung verdammt,Lo & Leduc
6QZWDALC3uz2ZV24SWlU0q,Reza - Ao Vivo,Elis Regina;Jair Rodrigues;Jongo Trio
6jGatmkiss3jnsYWZySFdW,Zaroorat Hai Zaroorat Hai,Kishore Kumar
5vcvA0w8YoGQiifOmas9uo,Tahiti,Keen' V
0qYDORPFZoYIAo9sVm7uRl,O Varování Ministerstva Zdravotnictví,E!E
7bvkG26E8CJK1AkLY3MiSv,Entre tapas e beijos,Leandro & Leonardo
7ihOAPfUkJPrIAiQEv9GfW,Cyklar ni så springer jag,Mares
7LMtp4HBhWLQ2P2POPn6li,7 Years,Lukas Graham
0VQjTLPG8l3egUHmIxe265,7 Years,Lukas Graham
0DpGmTA9ydSUwS85erXTZe,7 Years,Lukas Graham
3jekYpJg62aspoaKODhkZu,Rakkauden Ratapiha,Yön Polte
7qCT0FQxJYTzpUyoC10GEQ,Äänii,Mouhous
4k18PD9JNT48dIFDlxyER9,Lille Petter Edderkopp,Ida Brodal;Per Erik Høsøien;Barnekoret Levende Lys
2p980qlVXYLh3HdHusbhfa,Pour Up,DEAN;ZICO
09huNNqvPACXl9bRYkH835,Long Time No See,Steven & Coconuttreez
5qllPTmhbWY72bCzuNqBbK,Ca$hmere,Marracash;Guè Pequeno
29lgEr4woiquPUxUj16lqK,Hannah Jane,Hootie & The Blowfish
6FsZjiiklXIG1XvveAuOKF,My Love,Frenna;Emms;Jonna Fraser
2KOs6a1uwD9Jir91BjZCoJ,Siamo morti insieme,Coez
7nriQOQo6oaMoD3ZBBP7cX,Spontanitet,Kaliffa
6PUIzlqotEmPuBfjbwYWOB,Summertime Sadness (Lana Del Rey Vs. Cedric Gervais) - Cedric Gervais Remix,Lana Del Rey;Cedric Gervais
7MYX0Vu0uMjVLCiy804sdX,Summertime Sadness (Lana Del Rey Vs. Cedric Gervais) - Cedric Gervais Remix,Lana Del Rey;Cedric Gervais
1vZAYNFTcxzrnooQUw5zKD,Yolla,Tarkan
7J63EO3qdXc9Dhhphb0W42,Burguesia,Cazuza
5LRLdy8kJuMPG48PXTHKN8,LIES - KR Ver.,BIGBANG
7pQOZcGfNoBSXtboKH91AI,Shallow,KEiiNO
1rQFjnZx88P7ORhkdDUPZw,Yo Quisiera,Alex Rose;Dalex
1PBlKdYUy4lTQuqR2bwdlf,Tanz mit mir,Alex Costanzo;Schwarzbueb
0bU8DmAXG0gxJQkCwMAelc,Cherry Lee,Dover
5kqIPrATaCc2LqxVWzQGbk,7 Years,Lukas Graham
2HB74eXrsfT1gVc8e4Wpcy,It's On,Nesian Mystik
4lA9NpGbvMPQErnz2R3eIn,Big Star Blues(ビッグスターの悲劇),サザンオールスターズ
2V5dO29ehBu2UeNxN0wmL7,Risin,Natalia
1fugrphRjf2zBZWbvJwQv2,Mi sei scoppiato dentro il cuore,Mina
1PwQG9JWMDcM0okI62hI9N,Miljonārs,Musiqq
0IU4Bb9XH1gSCoTzQtzbQN,Tu exagères,Charles Aznavour
2cS8dkvvjGxvArM1Nvj5IE,Rednecks - Remastered,Randy Newman
5lSQQcmyOScsT6KRCD7xCE,"Nothin' Suits Me Like a Suit - From ""How I Met Your Mother: Season 5""",Neil Patrick Harris;How I Met Your Mother Cast
397A58sUsAVNZlvriDmfl9,Bir Kadın Çizeceksin,maNga
4APVrF679fspgozPPnZexf,Gölge Etme,Sezen Aksu
3KW0PhlQ2sri5SRH6u5DtV,舞孃,Jolin Tsai
33Wi2gUotZQsKclRfSWwMf,舞孃,Jolin Tsai
0l7ZRPrxH67Q6J03Zt4b4a,1 gr eksik,Lil Zey
6vWEmY3caWSMJuerfCPaZm,Destiny,Zahara
6ocOeSjnWPcSTaSsi0zIdY,Aao Milo Chalo,Pritam;Shaan;Sultan Khan
6eJlEcRmeyQfTlDQBDyqkW,Soul Man,Sam & Dave
1XFLUIY5VpThexbcD1ibAV,Dáša Jedla Cukroví,Ivan Mladek;Banjo Band Ivana Mladka
20nQ15Eq5R8XUuwGF9DJjT,超快感 - Remastered,Stefanie Sun
6QVIFloVpfR19dIMJjFP4D,"О, Боже, какой мужчина!",Natali
1WjuZoEZHKAkSryOR18ZB9,別離(わかれ),サザンオールスターズ
2hQmYrZdq9KQ3Rww7hBPb5,Higher Love,Seven Lions;Jason Ross;Paul Meany
5qzZSwjaaE5wvq6BxXvb7E,Cirkus dneska nebude,Krucipüsk
2lzO86VqqzApVbMUy1WmUH,Piensa Tú,Espinosa y Bedoya
0XTovBsrKiFiaCnTeLcvXl,Soga Om Kark,Isenkram
1UKdrdB8kt9N8SQ4nJNRnd,Get Up (Rattle) - Radio Edit,Bingo Players;Far East Movement
5FpfbIkd7sgQV1du0PZe7z,O Sítio do Seu Lobato,A Turma do Seu Lobato
6ECuIcDxmAzjJETlckPYNT,By'n Æ Bor I,D.D.E.
3BjNcAg8mMUKX84im2Jumk,Fever,Klaas
0T95Q4DEgdN6FJEF08pIBq,Nande,La Familia André
3ZnnRuAowpzJCKhIa4kFMI,Kopfüber in die Hölle,Terrorgruppe
2DZoai4kYxz0gSN00gsHgs,Mi Corazon Esta Muerto,R.K.M & Ken-Y
6ccAXgG6HuweRLBXU3amQ5,La Parte de Adelante,Los Fabulosos Cadillacs
77O7n2fD7Epppt9yLVY0Ch,Du bist ein Wunder - Radio Version,Wolfgang Petry
1DTW4Nj6qDCBTllScSGjf5,Sweet Soul Revue,Mango Season
56LkG22COMJN2UrZE0mvX3,給我多一點,S.H.E
1s4fMjUq9CrJ7KGBEAAMGw,Bättre förr,Mange Makers
5WI2ltQIdwgzf1SNE76JyR,Never Be Like You (feat. Kai),Flume;kai
7gCQoHVFUJ52nIa2UfxeAt,מאושרים,Doli & Penn;Liran Danino;Noa Kirel
6Uk9E5Ps5FvtYDpmjZ4EeI,Pulsos - Ao Vivo,Pitty
6h4EXoiVFJehGrK9Xl8Zeo,Hombre (feat. Vesala),JVG;Vesala
2N0volXQpwsvjDorTTxBAU,Bonfire Heart,James Blunt
3z5eL4hQXaBWxSWZUTwI4e,Ti ho voluto bene veramente,Marco Mengoni
6zSThntwhPtWU3my2y9I1F,TEMPERATURE,Sean Paul
0x4GHzCjY5MGQ960CHnVHz,In My Blood,The Veronicas
0Lx1DNlxhaDQuzUm7ArAB0,Jetzt geht's los - Jahrmarkt-Mix,Höhner
4aNYsOVFqueCQrDeluqp0H,El 28,La Oreja de Van Gogh
5gshKSYjskZXDdx6pSXICr,Fee-Fi-Fidily-I-Oh,The Righteous Brothers
3Ysz0aSGESyp7HtSAE4c1r,Южная ночь,Zveri
7GSZ0Ya1q1MjzQqqzklhJQ,Bebeğim,Serkan Kaya
1AvHVvcSSBJMhu6LBwy1nK,Mississippi Moon,Jimmie Rodgers
2LJHPtk9iI0qfCbtAnvpSX,Travesti - Remastered in 2009,Wenta
04nlhW5yUcW4dDvHhi0Hh4,Govindaa Sritha,Annamayya Keerthana;S. P. Balasubrahmanyam;M. M. Keeravani;Anand Bhattacharya;Anuradha Paudwal
2nCmCt4B5vkabS0zeOuc1Z,Push The Button,Sugababes
2YmlV39HBpXDwi1Wt1IcGc,Sopusointu,Janne Ordén
6FBQMMhwRI7FRMbPaYO2G0,Bloqueia Eu (Ao Vivo em Goiânia),João Bosco & Vinicius
2YGqtxaGdML9aM5jCwgRw9,"Ciclone (feat. Elodie, Mariah, Gipsy Kings, Nicolás Reyes, Tonino Baliardo)",Takagi & Ketra;Elodie;Mariah Angeliq;Gipsy Kings;Nicolas Reyes;Tonino Baliardo
2RQI4ROZCaCVoaz3vppuk7,Ei homma pelaa,Sleepy Sleepers
0XSTOKFdWPXlAEliq17XRw,Die Young,Sheppard
2fvwEBdCFhFD7IO3IX3bIw,Algo Novo (feat. Lukas Agustinho) - Ao Vivo,Kemuel;Lukas Agustinho
6iKh27IuddYWKDKC6x5NtM,La Fami,Fouli
5pbgaFcMjRci3rHhoZuKmI,سوا سوا,Fahed Bin Fasla
6JEEFrc6MHgH7X2hRbijzx,En El Baldío,La Renga
3hNa7iKRzCK06IawGLlsbz,Par De Anillos,Viento Y Sol
533Q9BiC93uzp3AnvMNLmc,Manuel Juarez,Grupo Laberinto
4db1FXwP0ZOPvEOYcd99BE,Abanye Bayawela,Lusanda Spiritual Group
2S0EArAJ7mMeRqToP5qzQS,Caramelo Santo (El Caramelito),Cuarteto Imperial
4LkJXlCD9AYjScPywhUjZs,Dynamite,Jamiroquai
1Ivreceoy8TsaJ4ulhiiOX,JUST BEGUN,Da Bubble Gum Brothers
2LihL8k1OF89ux1p0b3q1F,Nijntjes Restaurant,Nijntje
6lpBKRvJ909YPqu8JriYNs,Nijntjes Restaurant,Nijntje
7oNhrHhog84aYw3I94KO4s,Yo Soy del 30,Susana Blaszko
7lxsRLE3U2XX6LbVcML2Zv,Sad Songs,Melanie Fiona
6IrrxbN7uvCE6TavULYs9S,Twilight Birds,Gasolin'
6nbnUSyZ4mVfzJo4PIL5KO,Sebenar Cinta,Dato' Sri Siti Nurhaliza
5BzZhlqDnYYDr17sciEOjj,Say (All I Need),OneRepublic
3GZxTKyqrk0qOys9msaTpU,On a Promise,Fine Young Cannibals
0kgMqzyNVeliVOYCmY2qPd,Гармошка,Vremya i Steklo
3rheINeddqah49dElHlqbZ,Branches,Ben&Ben
0zPg2geTGiRphjoSskwBLT,Vir Ewig Jonk,Ray Dylan
76hfruVvmfQbw0eYn1nmeC,Cake By The Ocean,DNCE
5LnGkTXZX0pOEjTzkcpfBS,Rockollection - Live Version,Les Enfoirés
7EbiEZYeYCSd7rmFml9xpW,Am Venit Cu Voie Buna,Stana Izbasa
2FMdPLGFYZeeWqTwxC9Qo4,Mám rád veci nemožné,Tublatanka
3V5mrjHNr7VFhcUJ5oh45V,Mi Enemigo El Amor,Pancho Barraza
38nw3jLlJBK5qWJYwvkQWQ,Families,Lou Reed
6Yp6D4aTJZTSUDO45SHS4T,Strong Ones,Armin van Buuren;Cimo Fränkel
6juD9PQwAPvuXYIAE2gjhO,Volta por Baixo - Ao Vivo,Henrique & Juliano
1vHgL9dEfZsaj7lb56REoi,Sommerregn,Burhan G
3y3CmDLfbu1ddwrS2YJGtb,臍淑女 -ヴィーナス-,T.M.Revolution
48bo7uexDvAThcRDvEB2W7,Simple Song,The Shins
0S9sCEqXbgDZer7ACyb03K,Simple Song,The Shins
0TPuYHKXnXAxiVoRpdukwF,Ti voglio,Luche;La Blonde
034Wtb0MsgU2kIT7PWdi4c,Volta por Baixo - Ao Vivo,Henrique & Juliano
3qLR1McIewujzDePYTidUR,Zwampen,Electric Banana band
3sn1MMmtOjcOFh543BtaSf,Das rote Pferd,Simone Sommerland;Karsten Glück;Die Kita-Frösche
2UJWeMosCaJDQQGNPltpdE,Printsess,Mari-Leen
0mYskZ95HZjhPG0m2rMKkR,Year 3000,J Fresh;Travis Gore
5Ns3pR5LB35LuGt5V40Q43,自然醒,Yoga Lin
2UFmnpUGfPiS2SQdgE05to,自然醒,Yoga Lin
531BfkXiRcoBDqRaJWKfqT,Ridin' High,Peggy Lee
7r5ITz5mRKeu3B7X3RswMO,Huelga de Princesas,Los Caballeros De La Quema
7w3DI4aaFM6cG1nUx11U4h,Charlotta,Hecht
4ycLiPVzE5KamivXrAzGFG,Fuck You,CeeLo Green
6Hm8aup4wMyhalHkMUmqjo,Rullan Gar Pa G. Bomans Vind,Bengt Sändh;Finn Zetterholm
4qCPOPcyfMwbAuPLNg7Yvc,Požurite Konji Bijeli,Milo Hrnic
2M9JnPN66ICwZztYL3tWnn,Neler Neler,Tan Taşçı
1sM7P0kRv2IT9TOQdnNsxA,クリスマス・イブRap,KICK THE CAN CREW
28TAkBbHM8l9GYR0dPtCQ5,クリスマス・イブRap,KICK THE CAN CREW
3o9FyxQbCzMsyPLwcr0RIK,Bruxelles,Boulevard des Airs
3jgdcmKQoecy6RgPwy4RB8,Þessi hljómsveit,Veðurguðirnir;Ingó Veðurguð
2mFaAyxMvTr9q2Na0A0TLC,Zieh die Schuh aus,Roger Cicero
7bx8WLFijf42bIDJ7jJQy6,Me levante,Zona Ganjah
3mfCW22S8GrcIiUtB9n0Jq,Cosmic Girl - Remastered,Jamiroquai
2DPcWWCmbX1Kls9AlIklrj,El Moro De Cumpas,Grupo Laberinto
2Wg5zLf3eJ8JxgXzUz9HWO,做事人,Bisiugroup
0ESnKwgjWBD9wnCbZpY3g4,Cake By The Ocean,DNCE
4wbwpr0XVY7QJjtkTzE2AQ,מאושרים,Doli & Penn;Noa Kirel;Liran Danino
7Lw21tkqCjkT3zBlb8uS5R,Come,Pontus Rasmusson
6lazLV13sV8VNGJTjL4Zeu,Black Is Black,Los Bravos
2RpIevYYdiQJrQtaILchnG,El Poeta,Chino & Nacho
51elpeGtInkiXyiuEPXERb,Mimpi Yang Sempurna,Peterpan
7o78oF3lSOhgyxGWg5Epm4,Steam,East 17
5T8Fiq5hPALY1La8BqlYYn,Sıfır Tolerans - Mahmut Orhan Remix,Hadise
1PKgdcQ5VOqAO4DXzn8mBY,Carousel (feat. Nick Tart) - Radio Edit,Southree;Wayck
4kUWA3jkg97wz4bdBgdgHU,Wonderland,C-BooL
66UcQu5LBo2A7AC0A5r0lI,Wi Ing Wi Ing 위잉위잉,HYUKOH
4djuB8LeeRjX4qfABhAuVE,Camino a tu Corazon,El Tambor De La Tribu
5rQMhK6PYt2SoZSN6PbbIU,Babski Swiat,Ich Troje
5IfSb6dPhcUPtrAFpOKJll,Salto Mortale,Arakain
0jXyTYEqZgFPqQvrl1dkRK,Una Vaina Loca (feat. Fuego),Boy Wonder CF;Fuego
7JJPh9eOiSr8zYlBjcu2w0,Across The Sea,Weezer
7aCzDT54ryRu06bNf3JUdA,Movie Star,Zaporozsec
1zneM1cLjM6w8BFmukl2Lr,Fuck You,CeeLo Green
1WDxBPu47UpeWv6KV9QXOY,Gypsy Woman (She's Homeless) - RobbieG Remix / Radio Edit,Crystal Waters;RobbieG
3mxGN94A7vC4N1P1YAk8Qk,Respétame,Darío Gómez
0kJ3c642QEIm93Gg1fvRVy,Oualalaradime,Zebda
3xzgPW7oLqnnh9sYuMP2uc,Srdce jako knize Rohan,Richard Muller;Ivan Tasler
4B4nQ7LIUOErHer2R4JaSB,Het kan niet alle dagen zondag zijn,Marva
7LjEQ8GsQiUNVakV6TZI0e,Baby,Madison Beer
3jjehnH4E0KENjcEGnK9nm,Hanya Memuji,Shanty
7DkS1gOBkZmx8hZ818ax0R,Lady In Blue,Joe Dolan
59Mhb63LPfxbsOq74bqBar,シーズン・イン・ザ・サン,TUBE
76uAt8PjBlGXUgwDVIatkh,In Too Deep,Sum 41
67waHqXFqYzBoRaP1vUmkf,Can't Take My Hands Off You,Soultans
5oOYmBhKeMtweW5EwwZhVg,Самая самая,Egor Kreed
2Rtj1B24RTIrIg2TMQ8WS9,Mona Lisa,Valntn;Peter Fenn;Tray Haggerty
3HOxJ3ZX23eTXXxLjrXNbY,I'm Not Calling You A Liar,Florence + The Machine
1jga15eYrlNMUMqcJ2GLiK,Macarena (feat. Offset),Sfera Ebbasta;Offset
2cIdjk7D82H2UcnusdoNte,Woody'N You,Miles Davis Quintet
62Qnntv9pvm9kLL1EJR5f3,Zorun Ne Sevgilim,İrem Derici
21pySLskKIKrhDziCX5ojQ,When I Grow Up,The Pussycat Dolls
6UzHQ3GyiEev8ceNp4lL7W,"Danzaré, Cantaré",Marcos Witt
28Ngq26iWmIAa0r1hCIJmI,Animals,Broederliefde;3robi
65SeFfB1IZT8BywMa4dlIh,GET UP,Eikichi Yazawa
6ZGRPWjwcqSlBg2L54eRcA,Mister Jones,Tequila
1EumTYKFbtiK1p65CqKKOw,Keasbey Nights,Catch 22
6SZMYfcEOgv7a7fhArmrQQ,Motivo (feat. Coez),Gianna Nannini;Coez
0I1XttomGvSyEtz2xfXnnP,El Que Te Amó,"Luis Angel ""El Flaco"""
1v47a1IwDCvRCiSKiFgKaW,Sta Ipa Ola - Live,Miltos Pashalidis
0gwxXMsi9WPS7ww4bW3hoA,Dette er en kjempehit - 2011 Remastered Version,Ute Til Lunch
4Y6S97t2Cp6lAfgG5A2xDM,Beograd Jos Zivi,Relja
1EvxXpx2NujEeO5pKSowEL,Koketa,Srđan Jul
4FIJGN79n749hSNWy5IFce,I Could Be Wrong,Lucas & Steve;Brandy
5P2abuInz29TBsP2SSPlTX,Uzaydan Geldiğine Göre Yorgun Olmalısın,Son Feci Bisiklet
27VrRPcZytjZ3F2YoQFkl3,Airplaying,Chef'Special
02fOGWCZwMSA3YcWG3SFwE,Elli '96,Apulanta
7GswRwV5zQcMsys9niOQ87,I Feel Lucky,Mary Chapin Carpenter
11p47mGpnqhjI2gG0wkAzr,Gora Sartaguda,Piperrak
0taCSTquJQduMZSmS5Wyaw,Nie zostalo nam juz nic,Krzysztof Krawczyk
1GyVFLpHGhUjLMzCeT3DG1,Ninetto e la colonia,Francesco De Gregori
2wUvAvszMaks3UaZiYdgHk,"Mother You, Smother You - Stereo Version",The Supremes
0dz81ujSczKX9lBiKZfoAL,Mitä Kuuluu,Apulanta
3NV4AZ9aBiQMCIMZmK3jur,Pleasure - Remastered,The Soup Dragons
3gnHm6E1NkMJUJr0mbRiBS,You Don't Know Love,Olly Murs
1hnjOwUFEK2d5vvhk3geyQ,Matia Mou,One
0zhzOSIRVB6HNIUQgsVzZz,Wonder Wall / All Star / Year 3000 (Live),Tommy Allen
4zfih9sHVVJMb0f7LRoAz8,Sousou,Jul
0xvILwWJyBQEmPy6Ppsp4J,אצבעות לי,Uzi Hitman
5BIilW35W0XNgVcL29SmVV,"Slovenské mamičky / Dnes je sobota / Tancuj, tancuj vykrúcaj",Senzus
65gLJGey4u4KFFqoC5fzFJ,Brother,Kodaline
59ThFe6fyV0jYcrOfizfij,Retorciendo palabras,Fangoria
1amGMA6Jk8h3913I6d0HFJ,No Me Importa Qué Diga la Gente,Leonardo Favio
6DcDdDevI94Dh4vc5anXBE,Wild Wild Love (feat. G.R.L.),Pitbull;G.R.L.
2ZHJf2LOvzqA5R0wSSixPV,"Øl, øl og mere øl",Busserulls
4raMIjIjMc8JohHth7l9lG,Bruises - Steve Void Remix,Lewis Capaldi;Steve Void
2PRpXK77t5zGzf7lkW8K5L,Con la Mesa al Caco,El Gran Combo De Puerto Rico
6ntiekXTE3bBJDue1KQJON,Tonight,Negrita
49rpdsNYJirTTf6p6mMvag,Angel With A Shotgun,The Cab
6327tA1FhxL0frCefTabqT,走在愛的沙漠,向音燕
2x1Blx58X9M6CcaLBd1PDx,Faz de Conta (L´italiano),Bandalusa
5HY8E5PqF4mSDq6ZnSMYNZ,Miss Calculation,Elina Born
7kw3SnavZaJGUURVd0SQQo,Sen Yoluna... Ben Yoluma...,Hande Yener
2dTMlaRJPRMDUbPHdn5AzC,Paranoya,UZI
7CisLSqtKbDw2VtpN6IuLw,Make A Movie,Twista;Chris Brown
4LgYQpSr5FNC7U7GBheuiZ,If Wishes Could Be Kisses,Dusty Springfield
7J9pHOGy2F7KwIXAvqFB0p,Feel What You Want,Kristine W
33MXmmsnIHA8GoK40euXte,Bo Diddley,Arvingarna
2xSwUnIDY9HrsxzD3eiRty,Albany - German Version,Roger Whittaker
1Q7f2z3KFRKPYlLgThOgNs,Precious Star,T. Rex
2nHJErkdslP0s7yWzYFlfq,"Auf der Mauer, auf der Lauer",Rolf Zuckowski
3BgzCZ9p7RlzT9tqRh3exs,גשם חזק,Monica Sex
7k4MqbP8iFemV8pF05MbRV,Profities,Despina Vandi
0BH5Z9lsFa7dOYd3A2cYA4,Wish I Was Your Lover,Enrique Iglesias
4nVBt6MZDDP6tRVdQTgxJg,Story of My Life,One Direction
754s95WLCK3Bhn75KYGNzm,Houwaydalak,Mohamad Iskandar
1YVdmLu9PIrV2Bz5sJAUYw,ケムリ,ONE OK ROCK
73qydJ66mboDtGNbcSsk2z,Desire - Gryffin Remix,Years & Years
74s8rgWR7bmhWSaKS3ZMaW,Desire - Gryffin Remix,Years & Years
65M8UJ1vZZBHHnEhC30aBp,Desire - Gryffin Remix,Years & Years
4suenIuyqxZYV0VIjsbYrG,No Creo,Shakira
2CaxgnHBHuiOYIGIyvMbCl,Whiskey Girl,Toby Keith
7viWxZ7AZdScCC8jtSMtU3,Wake Me Up,Reach
7J6IyIxvYZv4drin1HpvCy,I Feel A Little Spaced Out (Ando Meio Desligado),Os Mutantes
2eddLk32Ogu6BHmyaF0kGe,Tout va bien,KeBlack
0gwA7cAzWSmhF8mzitHbQ7,תן,Agam Rudberg
6JikuKcWFuPPC4MyKfvkHQ,Desperate Measures,Marianas Trench
1nOZ3WfyV2t7uBRvobs4Dz,いつか忘れてしまっても,back number
2iwDsZU6uwZmRj9l9xX9Iq,Dünyamı Yıktın Başıma,Selami Şahin
1ZDSVswsi7RIsv6E2N31gv,Desire - Gryffin Remix,Years & Years;Gryffin
28vWkNnNBAf9YJztVVe1yJ,Complicated - Toby Romeo Remix,Miss Li;Toby Romeo
1mbALvDfhJVMENw0hFo1XT,Eclipse Do Cometa,Rita Lee
1RhKH7euCuvqZPcDowy93i,Jibbý jei,Papar
1NpW5kyvO4XrNJ3rnfcNy3,Wild Ones (feat. Sia),Flo Rida;Sia
2exkj1jr9qARyZvRn1dKZp,Wild Ones (feat. Sia),Flo Rida;Sia
1rfl36PLOggb0G9IY3AcYn,What's the Matter with You,Split Enz
6Ahpr5bhGJMHu0QTy4yoky,Puro Cachanilla,Vicente Fernández
0ILuV50kwqoeUTBXoQcFsg,Bootycall (feat. Cheyenne Toney),Jasha Rudge;Cheyenne Toney
67obelIiEq3vhpkolCCzZR,"Nique les clones, Pt. II",Nekfeu
3zjeEusacuiLHCOibcyY30,Autobraucēju dziesmiņa,Nora Bumbiere;Viktors Lapčenoks
41zoCi6KdTEM7YBGj4uDmq,"Al Son, Al Son (From The Film: ""Morena Clara"")",Lola Flores;Οrquesta Maestro Torroba
5yfhRzmWFe0dQ5J4NaGBOV,VolksRock'n'Roller,Andreas Gabalier
2ZBWqlSlg6yGKk3Ds2Ji3Q,Ağlamam Zaman Aldı - İnkar,Model
10JeWyhwhBYByZpYWiTdWs,Profities,Despina Vandi
6vkey81NUIrTGAz6EOlLvf,Prodavač,Michal Tučný;Fesaci
7GLWWrk1YlkPYqJK3ynIA0,Lance Individual,Jorge & Mateus
3NVa3dy1AEWtcEMymOiGgu,PampaGanapathy,M. G. Sreekumar
1CHVEoZUVPLRqOtvx9cXch,Aldri for mye,Sushi x Kobe
4yHFxB8kzzeuNvoouR8N0N,Damaged,Danity Kane
5S3u9bygXHAoNS63eDoQMy,Uten sko,Staysman & Lazz
0OXqFrPIfkW5BpcdaLL8Kc,我坐在這裡,Sandy Lam
3ERLb3HtZqm97rLmhgRYqq,La clairière de l'enfance,Gerard Lenorman
1hc7CJ5YGmjVKipS0ApnOG,"Jag vill vara din, Margareta",Sten & Stanley
76EkaOdE8tIFKlyNKAvleZ,Take Me Back To Hollywood,Ted Gärdestad
2mwQngo1HlX5mftxYcM48a,Rock Star,N.E.R.D;Jason Nevins
47gFpAzUeXSjDB4KBJKL4E,Skapoto se plashta,Emanuela
3dyoo6UNb2VlMTISBqrDb1,Sousou,Jul
3esCdZSiOake3XzrnG2xDf,Tô Tranquilão,MC Leozinho
4XI7Z3qwR2GtVmaHssSbsA,"Здравствуй, чёрный понедельник",Egor Letov
0Hk3L0e7HLenrLBCbzOl3t,A.C. Milan,Booba
6LLEFCm3ihyGgoPHJDPxCT,Juusto Katolle,Teflon Brothers;Setä Tamu
66wXvJlMttYtoQeKx5k04n,甲乙丙丁 - 國,Ronald Cheng;Jacky Cheung;Andy Hui
7AbnlxEQsLKbMezMnSJyWt,甲乙丙丁 - 國,Ronald Cheng;Jacky Cheung;Andy Hui
3tCrBVDM9zkWwB3iU6uDSh,Пумпалче,"Весела Делчева;Боряна Йорданова;Георги Донев;ДВГ ""Таласъмче"""
2AdPGtNUJEVbwKqusLnPzu,Mujer Bonita,César Castro
72ROwS5o2gZlOz5ke5YFMG,Sem Medo de Ser Feliz - Ao Vivo,Zezé Di Camargo & Luciano
0dwPe5uSwHYhwXM3w0zSVe,Неземная,Max Barskih
6I8R2dillIEsMrBm6IZqxv,So schön kaputt,SDP
0PtKFB64ENVnuKA7OxNATA,Cikgu Ayu,Khalifah
6grMPMRSqmfG9cTFMN65Pd,Rosalita,Mari Boine
3sadGaF1dazuLHbfWCB3Nk,Vinger over Europa,Rune Rudberg
0TD43kM1ro8vgBwOYewt9q,Sen Yoluna..ben Yoluma - Dans Versİyon,Hande Yener
7hjZPeA13HBpkkQw9Hzrqe,桜の森,Gen Hoshino
71VYeDdr8TTNtevYRpwCry,Savage,Judas Priest
6q91wfLzcyV1hLDVxE7bQG,Rüya,Yeliz
59Mj5oPLL21hJla77kiCl6,Pihovatá Dívka - Pocta Pavlu Novákovi,Pavel Novak
6Tp0WM4qG1BHj66NHyZ0xZ,I Just Don't Have the Heart - Instrumental; 2003 Remaster,Cliff Richard
0FL5Fr37zJ36ySKefE8DiH,Cinco Centavitos,Los Coyotes
5nJBEM0V7YXSmkubCJQRWf,That's How I Feel About You,Buddy & Ella Johnson
5WwOElnTkwqHmuGep905j1,Sultan Süleyman,Sezen Aksu
5KClAAep73NVj6DYpLkvRA,Young Again,Morgan Evans
2ZIPSGzwr4pxtvbj4N6sJb,Tu Pueblo Dice Gracias,Jacobo Ramos
1BRuE4luBAoMZJ1TQpudnb,El Problema,Cornelio Vega y su Dinastia;Adriel Favela
2aCZEkOUjQyi1trrGRcxI0,Big Time Rush,Big Time Rush
1ieq2YaXJBzyJ33fOYvG8W,Vår julskinka har rymt,Werner & Werner
3yULN8zBLEJa23boU4DIZj,Budapesti Lányok,Elefánt
1Cirj2OMs3qMvmOAQhLZHo,Silent Oath,Knights/月永レオ(CV.浅沼晋太郎)、瀬名泉(CV.伊藤マサミ)、朔間凛月(CV.山下大輝)、鳴上嵐(CV.北村諒)、朱桜司(CV.土田玲央)
5k4bqKQd7ZIiBWOjymJxMh,Formiguinha,Galinha Pintadinha
1tnUbj8AI3PvxZNQZRTZmB,O Mere Khuda,Atif Aslam;Garima Jhingon
2rhhev7F41A5IhFFxHF2SD,HY ♡ SUMMER,HY
42rv9MGtyeFmIEtlUP0M6e,BLUE BIRD,Ayumi Hamasaki
6JRfPh2IoROJdk0jVWIPRB,อยากร้องดังดัง,Palmy
6jk9WJZx3EOCMFiBfRlSxj,อยากร้องดังดัง,Palmy
26sUgN4PzMDCSLshOvHfRH,อยากร้องดังดัง,Palmy
4MGDF2GcXUIRDKcOTT6Q6M,อยากร้องดังดัง,Palmy
0CxeewZwDJPbYpKxEbYXc8,Da'n före da'n - 1998 Remastered Version,Niklas Strömstedt;Gyllene Tider
5S3W7Yz1gfLogv0tm3HmDC,Klar På Mig Nu,Joey Moe
65U2tkJVRTGsJgfp7J7gyI,Vrika To Klidi,Sofia Danezi
7A4KdLy1DXOOC5fhIdDuHz,Haus am See,Peter Fox
5DBftmbaKI1JAwcLMkrFf6,Haus am See,Peter Fox
2QgkC3bmWuSF31X4ysoIog,Ding dong,Skoppa og Skrítla
2wsogvIHvlDjOtgnzabETP,I'm Knockin' At the Cabin Door,Lil Armstrong
4VaSvKdey4aRcZBu1wHx0h,Flagra - Ao Vivo,Rita Lee
4MEkD2835NiByAKzv6JMmL,Frosty Morning,Cab Calloway
456fZnvVXZNixF8HuOekmI,Kalibrera,Kaliffa
2UrFvMEjaIq3AuBDcK4ZLQ,潮騒ドライブ - LIVE,KOBUKURO
5swpvba5YLqVDy1nbzUdog,Auto Blu,Shiva;Eiffel 65
54va9UetzuZ5cbw3HhXUkr,Skinnet,Eddie Meduza
2REVAX9QDip5nEdngonII7,Skinnet,Eddie Meduza
0sBupXuHJjIM5Rbd92XqpP,Achterbahn,Clueso
449NNtd4Y5nesFBs5HdF0n,Diez Kilometros,Fidel Funes Y Su Marimba Orquesta
0e0qww9wqzXwQlTSy2N0wh,Volvo B 18-210,Fede Finn & Funny Boyz
0jJ3DQEfwlRjgbFBHmRTEN,Knock on Wood,The Flames
5LZrAhkYEBHqawzskpTYUx,Malagaan,Jari Sillanpää
4OIcR26TYHO8281VZp6AnW,Alt Hvad Hun Ville Var At Danse,Sømændene
0W6HPXLquJqsIJgES1jzbI,Athina Mou,Konstantinos Argiros
74YzCrLzu7fw0AasX3CEwv,Defenceless,Louis Tomlinson
1OqmRJ1Krk1sjrbMVd1Yd3,Nå Må'ru Slutt' Opp Med Å Se På Meg Sånn,New Jordal Swingers
6oD4nDBVCNOTzCcw8QY93z,Vtip,Milan Lasica;Jaroslav Filip
39ZTmjrBK4tM2tlohOpmkF,Stilte In De Storm,Jan Smit
1J202pWgOtH3eUnzqXdbRT,SG4M1,Sfera Ebbasta
5PVVndl8Vs4U6PbYqLWnZT,Do Mundo Nada Se Leva - Ao Vivo,Milionário & José Rico
0AuwQvDxFrGEYwL9TMS5wU,עוד ארון אחד,Hayehudim
7bTOvPEMq4LDe7qphrEYx2,Armida,Thanos Mikroutsikos;Giannis Koutras
6AnkpS3xskLTlzARosHGAW,Celtic Symphony,Charlie and the Bhoys
2gGLpMzoo80A7jGEIr4ou8,Naked,Jonas Blue;MAX
5A8jUZatix87xG0Zj6HSKG,Angel With a Shotgun,The Cab
7MMfjXqv41lvh77a6lC2wn,Tajne Info,Sobel
7hj7j4Ym5NZxiEgSwzTSBY,Waiting for Darkness,Ozzy Osbourne
0iP2F9AVbNW37mQ0qQrRtK,Когда с тобой мы встретились,Mikhail Krug
5hmOuIHkr2DQnIVEinfYff,House Party - Radio Edit,DJ Antoine;Mad Mark;B-Case & U-Jean
364rzD3SbcqzShCZ6b6qjr,Musica,Gemelli Diversi
1gkzmB8NwKDFgKvZDSG6qU,En För Alla För En,Tre Kronor;The Poodles
2a3dR899Oc8aRn7PTDQRJB,Strange House,The Attack
0PiVJwdICrm5Op2WS92vT3,Dumb!,Redrama
7dAt83GzvIAu9w6ur6aX4J,Heute Nacht für immer,Maite Kelly
4FfFYuCLL1zlPnLfDJiGhv,Change Your Life,Christopher Martin
4RsGWgKlHBexxBLUvdQtAd,Tvoi glaza,LOBODA
5PYwENRSNMq2fe2dL8RHjn,I'm Here,Daichi Miura
302i3wbBxvc6Nky5pImtPj,Ufonova píseň lásky,Morčata na útěku
1hPgvd7Wb3sE4BBCcn0h85,Recoger y Guardar,Cantando Aprendo a Hablar
0TbreDTczHh9IZXCjOTB5V,Kdyz po tobe jdou,Ales Brichta
6guiDS4n3nGkqNAsLqFjCf,Pot-Pourri: Luiz Gonzaga,Alceu Valença
4uBlFBZoc4G4E1lKJIdYpg,Sunshine Blue,Denis Kenzo;Sveta B.
0tet6I3HK90aQFqTYEHcam,Sunshine Blue,Denis Kenzo;Sveta B.
27BMLvWD1TYdosiReVgbAt,Best Days of Your Life,Kellie Pickler
7v6kXbTvpHbhq5LHruy0xV,Jhanjharia - Male Version,Abhijeet
7esAWY5aFUAGi59jpf1qzy,Lelaki Buaya Darat,Ratu
71ptjbbVkrMPebtE3CgBZS,Wait On Time,The Fabulous Thunderbirds
2l9CqXYEEVcualGqRC5Qxu,Fitlala,Kinderen voor Kinderen
4XAoLL2pLSxyNy4kdxGIHn,Is It 'Cos' I'm Cool?,Mousse T.;Emma Lanford
18ilxCpOqPqhkEfNfY8fZx,Se Acabó,Ricardo Fuentes
0kKrcZZVTJXRXC2rhiZmge,Munasq'echay,Los Kjarkas
6wXPV6dNRAhFavrRaCdMXT,Challa,A.R. Rahman;Rabbi;Gulzar
7aq4mn7HqjIWeEn3YReKWV,Lo Siento,Kaydy Cain;Maikel Delacalle;Steve Lean
5DAyb8i3cil6Pka89EywZ2,Rainbow (original mix) - Original Mix,Sowelu
7yzVfSiDrUThSfgVd7UEDX,Markoolio rider igen,Markoolio
1uktz62qOTbwj13we2p2y0,Lleno de Ti,Binomio de Oro
6WwSQaMmzHzMnt67AvLfna,Lleno De Ti,Binomio de Oro
68XgYFn7NtFxvn8gZzqrEZ,OKLM,Booba
2TktNdu8PMfhApbWHDFSgZ,Allah Duhai Hai,Atif Aslam;Anushka Manchanda;Vishal Dadlani;Ritu Pathak;Michie One
0orpKzJ3Qif1ZaFnCAELZy,תן למוזיקה לדבר,Subliminal
1NM2qI63ylqg62yxpEvTXu,Point / Counterpoint,Streetlight Manifesto
2HQosLPQ5RuZPj1qUv50yo,Ağlamam Zaman Aldı - İnkar,Model
2ck13qfgRZ1msyEJlDqzvk,Where Have All the Cowboys Gone?,Paula Cole
4nYtqZDscX8TLvR4p0ON1s,道,Hikaru Utada
6KLb12AhSuHmow1Q5mKMd4,Balla balla ballerino - Remastered 2020 in 192 KHz,Lucio Dalla
6FM8g4DDK6oE5dHUWM1DFl,J'attendrai,Dalida
5hxHyGZETHRbqwEvoR7YJc,Wakker Met Een Wijsje,Kinderen voor Kinderen
1EXNyTN6Ux1sIuea1R8GqE,C'MON (feat. Travis Barker),Amy Shark;Travis Barker
6jwRxGmRA8o2HwMUjmcPkt,Преждевременное семяизвержение,Valentin Strykalo
1Vv0MPcooEoQzVZYfKMgKW,Ugly Heart,G.R.L.
0OuT3A7qp9tL5HxXQ1n2j7,Твои глаза,LOBODA
1HNE2PX70ztbEl6MLxrpNL,In Too Deep,Sum 41
33pGbEGJPcM20hIUdS4B84,Titans (FYHYM2018),Omnia;Alex Sonata
0zH5uutE4lvOMotRtTtqPd,Llégale Ya (Official Remix),Erick J;Ken Y
6b1RS3RtYHYbZK1DQUjpvB,Awesome,Charles Jenkins & Fellowship Chicago
23advkNLDdwsGinxbxsMXU,El Pañuelo,Duo Rey Silva;Mario Catalán;Elia Ramirez
42LyopIN0h4t98aqPhQwNh,Riverside (En Vivo),Passiflora
6eBgRAjHxxH2geO1freksS,Strange House,The Attack
4jikVslCvDrDysc3p4tFHM,Vendedora de Caricias,Panteon Rococo
2C0SIU3XSxxhuUKUTzOvsR,La mia ragazza mena,Articolo 31
7iK8Osp7BFdJ6EDqb05s9W,Praieiro - Ao Vivo,Jammil
6Dr0EbXrRpMs5GeCjOxnE5,Too Much,Elvis Presley
0J4VlZKeowz54b8Wna8KyJ,Live For Today,Lords Of The New Church
5yT6K21tmr6bKTfdpmSXRL,Poly Apotoma Vradiazei,Nikos Vertis
6nGUunsDGznpQVtOzkg6bV,Die Hoender Song,Jakkie Louw
1EFzLgoer7mPxy7U4n4KH2,Kapiya Sandalye,Marsis
22YxbzZ9WJKR0fMHDuX3GZ,Las Puertas del Infierno,Los Inquietos Del Norte
4T2JHH4g1t26UDAZlKvo6l,Hipo Hipi,Mike Burstein
54LtiGGU4fivRNDRAYpdbi,En el Olvido,6 Voltios
1ZIfhYiIWAHIDGFELBau6x,Työmiehen lauantai (feat. TIPPA),Arttu Wiskari;TIPPA
1Fw89KWIgMZyEpjCUY3DT9,You'll Never Know,J.Sheon
35aju8GgJmbaMk9zmhNhg4,La Estoy Pasando Mal,Grupo Firme
2xCGvTpbJlklytH9g9NAKs,Love Junkie - Original Mix Edit,Chris Decay & Re-lay
3NyqgX4Oy8p4SljMMsjXUO,Kaç Yıl Geçti Aradan,Sezen Aksu
7h95BpimIQ7TjLKsj6aL8l,Motta Modatisari,Sachin Warrier
7sasRSZNmUPaHXLWndC8oj,Doble Filo,Romeo Santos
3lFHlVauqG6CzN0Fh0gM4a,King,Years & Years
6KgMF6urbWlh433VY7Yvzb,Vá Pro Inferno Com Seu Amor / Galopeira (Galopera) - Ao Vivo Em Brasil / 2006,Edson & Hudson
26xsT3NDncKNMmR1fIPJ7Y,"Ten, Kdo Z Pánů Básníků",Waldemar Matuška;Marta Kubišová
1wrheX5l857qLRdGGATmcY,虹のグランド スラム,Toshinobu Kubota
7onu9q98XjqZi8egiI1uDf,Always Online,JJ Lin
3kGFNlivmYEKGxXXTgVk7t,Amhrainn Na Bhfiann,The Wolfe Tones
6qR5LhQ3vWE3qYhbaTWrUS,Hakkebakkeskogen 2017 Guttasnekk,Tunge Ferrari;Ruudboi
7pWSdjUXBKksqggB49v0RE,Beer For My Horses,Toby Keith;Willie Nelson
2iYaltBoCExcuS3qp9BvqY,Dance with Me,Gavin Murphy;Rich P.
57xPfpeNDGkaaQC8WRKGYh,Juminten,Kangen Band
6zhAlv9Vq4Xpv3cNAxLJ3Z,I Would Like,Zara Larsson
7E2DqvnVtbIrFrL5X6YH9Q,Beer For My Horses,Toby Keith;Willie Nelson
4H3vuLX59XPqdtTpIesGyS,California Girls,David Lee Roth
0NpjwQxP4bkuUhoamKyP8j,E Hoje Eu Venho Dizer que Te Amo,Jose Roberto
7ifuJAlsjfPL6OCWYxNbhg,Lasă-Mă Să Beau,Ro-Mania;Benone Sinulescu
10xIeH3K6n7YNlKDe8QlSb,Dulhan Chali Saajan Ghar,Shamshad Begum;Hameeda Bano;Shanti
4qh8a3jw7fvgYaX3HtwSHq,El Doctorado feat. Don Omar & Ken-Y,Tony Dize;Don Omar;Ken-Y
4NfKlVW285Izit8lkBlyjy,-花火-,TUBE
7Lp2cR508UkYmwbWwXPF5s,Quiero Abrazarte Tanto,Marco Antonio Muñiz
2LhPSrXDAH43OAo7hRSOsb,La ballade des gens heureux,Gerard Lenorman
1Z3EeZkdnxBuDUFrnPqdB1,Smile,Voice
3l2K1gEKG6wwrguFthojTd,Desfado,Ana Moura
662zhamy6WJ8y18IyzOiWJ,Desfado,Ana Moura
3F5iul8UYuoBINN0x4pob5,Desfado,Ana Moura
40bacCNMxd51yAmcCu4cRr,Du bist ein Wunder - Radio Version,Wolfgang Petry
1lgbThBhxDJHRuLowq71w2,Manu vippaa muutama markka,Irwin Goodman
747kCvtL3XWmG73Qz4MugH,Quiero Que Estés Conmigo - Siempre Conmigo,Lucia de la Cruz
40zJaB3z53PGaxIkYyieBP,Só de Sacanagem - Ao Vivo,Israel & Rodolffo;MC Matheuzinho
1jEAOrekJF0h2Rvf6mpCLd,髮如雪,Jay Chou
5GzP09jUBckylpGBdC51ck,Now You,GJan
1yCyx5hPbzMDTYwK9iRjyE,Wonderful Life,Seeed
1rZ8TTs2AnZb1jjcJf02Gx,Casualty Of Love,Jessie J
5LqhCObiI7qfy2wACkSqyu,"Szita, szita... - Hej, Vargáné (népi mondóka, népdal) MEDLEY",Zene Ovi
32VuFTHU5V42evNHj7sgmx,Elado kiado most a szivem,Apostol
0ZAPZ3ub3HEfwSJ8nhX9qe,Better Days - Single Edit,Bruce Springsteen
4NeHnnZdSa926WwOo0dQxM,Ghetto Queen (feat. Crucial Conflict),R. Kelly;Crucial Conflict
6xMas6en85FuaN2xTQx829,Behind a cigarette,Kmspico
3mJAj1Xrywyh8BCzzJb3SO,Pannaan Suomi Kuntoon,Petri Nygård
3vOwqFzRzpkrSN52eIb2pf,Gente De Mierda,Bersuit Vergarabat
70m8HbjrPlgGM26fnJNoyL,Så'n Er Livet,Jacob Haugaard
1e4afGU1rSiQsLgnYJRjis,夢叶う,MONGOL800
77oP230re7N3xGxqxU2EWF,セクシャルバイオレット No.1,Masahiro Kuwana
0qksx8mV28lztYIZ1om8ml,Shiver,Coldplay
0RCuNBBSHyWVtIidmQ71OU,避暑地の出来事,Yumi Arai
1sQW1oRFUCjCAeDTpAuoB8,愛が止まらない ~Turn it into love~ (Remastered 2013),Wink
6YxMB7YsT4K3tT5YehPMah,Eden,Jenni Vartiainen
51YXur6SKVkjIc7BBZpnhf,DJ! DJ! 〜とどかぬ想い〜 feat. YOU THE ROCK★,NONA REEVES;You The Rock
0n8Eze5N0QFnO7K8zL8p5K,Не сме безгрешни,Gloria;Az-Is
1ScQMYvTJS2y2Yd5IhCBH7,Recordandote,Los Rebujitos
3Q6zROQvMXRtR9NYfDpNWL,Guerrera,DELLAFUENTE;C. Tangana
590RtS6uot6yiyO9QKlWoO,Fokofpolisiekar,Fokofpolisiekar
4zJiaT6zJdLN1OJJ17MLgL,prom dress,mxmtoon
1X2BQX7eF2fEymLSaCfGNd,Bye Bye Baby,Dagny
6qckxYOLrmaySGZVWOXTIT,Chi fermerà la musica - 2014 Remaster,Pooh
56Q4Pa6bmrha1zzAeJpfpH,Nueve Caballos,Grupo Laberinto
3ILWwi1JNj3NGuuf6DzYxN,Flamingo,Kenshi Yonezu
5gikplVdSoYfG0YKCRuicp,Music For Love,Mario
6zDs6zI94L761vd0cVScTT,I'm Born To Run,American Authors
1vWLneQuclpCUY8FA8eyel,Wild Ones,Wild Stylerz
42znXbG9tId8cTLWs7RDex,El Baile De Los Que Sobran - Remastered,Los Prisioneros
2rRK7oBzercpZVcavz2cUB,Taboo,Don Omar
6oPWzFvtdlzT9pla5mUcNE,Albahaca Sin Carnaval,Jorge Cafrune
0T4YziOpifV4Eo9XsMPp2X,Snow White,Dennis Lloyd
7oD93Os6xLkJLMYj8nC7be,Nothing Can Divide Us,Jason Donovan
3qkXZE5vYFgD4HZVXiIRsA,Holiday in Guantanamo Bay,Springtoifel
2JJSYce3oRHoZXelwWi4sX,פסטיגל פנטזיה,Ran Danker
2ovm5VZJ36s3HKF8nkcIZI,Sexy Lady,MC Magic;DJ Kane
2ZYpF0FgbijtqrYruYsJ7E,El Triste,Zacarias Ferreira
6SsQ4eeyzgJirHaWABOK9Q,Désormais,Charles Aznavour
77UVdHUTHvECJJ0xcmooGX,Kaña,Zirrosis
6fABlNfAOylt7ZxfX8K1XL,Rock On!!,Farhan Akhtar
7kck8Amf3NpSGASoFuKIcl,Mercedes Nero,Sfera Ebbasta;Tedua;Izi
2kOg6zCdUucCqzWknJ5mrH,365 Dni,Rakby;Bacil;Nicole
1aaxoQWRqA5v8NPqiLw4EL,Kiwi Love,SPEED
07hjeYHdmJqPTVhYM0nbAF,I Just Don't Have the Heart - 2003 Remaster,Cliff Richard
032mbdj7GFhDczNKrfyL7R,Donde Hay Cariño Hay Celos,Duo Rey Silva;Mario Catalán;Elia Ramirez
1t1sNWiUJoIZHtL11q1CwL,Satellite,Sex Pistols
0SyPNRaOlEonBpX2ZbupNk,If You Want to Be a Good Girl (Get Yourself a Bad Boy),Backstreet Boys
3WvWtT5dYKvRkKfTwfsk7l,Morena,Malacates Trebol Shop
4j0TnvAANm2BocxpzGclyc,Mona Lisa,Elefánt
2xCGBWfzTe8l2kvHpgvB6M,prom dress,mxmtoon
34FUq3P5k5vc49MfO9kYGP,Sentimiento de Amor,Zacarias Ferreira
6se4N6zTk6Xf2HryUdMOrL,כל כך יפה,Eyal Golan
2XcXeVg89HLC4n4GO1hai6,Love Me Later,Natasha Mosley
67Kn1fXDsgDBK3gmnDJ5XM,Ringdans,Terje Tysland
2T3YjAVZVsdPVn0tThK27D,"Nique les clones, Pt. II",Nekfeu
2isI51HIARLVETKFsXlEVt,Blinker,FRAADS
3qKGvSu1inEZKwYQnMavNA,Smack That,Akon;Eminem
0hBLVlYD2cfDAn6qEZQJaV,Saga de um Vaqueiro,Mastruz Com Leite
1t7SCuYauMUqu08YjZzAnP,História Real,Mc Martinho
3NQdkdLtinyh62KtbGOZDV,2000 Light-Years of Darkness,The Ark
24mJZpO5vC4weHpATNQXef,Weak,La Cabana Reyo
47Ocaa1XSJxw0wcfw2WVAu,Bomboro Quiñá Quiñá,La Sonora Santanera
1KuNrrdNBocIjKmNMEC6Uj,Io sono vivo - Remastered,Pooh
0GsCrrrcK5asymW6QpCUKc,El de los Lentes Carrera,Revolver Cannabis
3PeCYcmMwmxshV64hPSHGS,特倫斯夢遊仙境,Terence Lam
3VVyVXJ1nB2fZrxGf3Smvd,Por Arte de Magia,Pecos
2XRqhe4lmCQVaUWawR5wRo,Rica y Apretadita (feat. Anayka),El General;Anayka
66UivSwkDKLaVQ3n6APUrM,Hab' Sonne im Herzen,Chris Roberts
6knXMt7UIPPJveAtsP1Dq4,Don't Run Away,Tyler James Williams;IM5
4IbNYgSSDnfHfcK3KyEFBa,Ola Giro Sou Girizoun,Sakis Rouvas
5kdd1nzimLc5Rtad4TUbvG,"Don't Do Me Like That - Live At Hammersmith Odeon, London, England/1980",Tom Petty and the Heartbreakers
1x7w8NuVvmSP4r65576eUZ,118 Balazos,Valentín Elizalde
2IMODbij0lZ5CuAjZi0IDE,Sila,SUD
7vFmnmcsp41uzBUiw1zxfw,Esta Noche,Mike Bahía;Greeicy
0J7zmRI6sleoO6O60Ijq6m,בשכונה של איב אנד ליר,Eve And Lear
7ghkH4O1CkReKSA0nrieHK,Opravovňa,Peter Nagy
6Kl6u2OkdwpmZVINTeSMBK,Prvi Poljubac,Halid Bešlić
1OuI6QVrAMH6JOEaR5Yg5r,Prvi Poljubac,Halid Bešlić
5xyBRqlg0FlFJG7XI3xEpz,"Wow, I Can Get Sexual Too",Say Anything
08tzXL7I59jjloKyhweC8g,Con un deca - 2012 - feat. Club Dogo,883;Club Dogo
2sj4SWXY7ZxYuoudJ4q9Vu,I'm Gonna Knock On Your Door,New Jordal Swingers
0vWmsEyjVQdCvakG1yEThK,Apple Pie Bed,Lawrence Arabia
2JreXnkSzK2oVk2yQInpsi,Evacuate the Dancefloor - Radio Edit,Cascada
3lBfCNZ72P6ruxCkqV9lEu,Resmini Görünce,Can Bonomo
3PWgyj5ae8qTqSrVRxG19k,Insomnia (feat. YAYYOUNG),Dvwn;YAYYOUNG
0zewUY3RSh8yaV7q66Okem,Vegas Lights,Panic! At The Disco
0yKBkX8Hzgsl5wSow1Qrpa,Brindo por Tí y por Mí,Tormenta
17OGljkJ6zyvgVc86f8KRM,Tudo Novo,Cassiane
7ppxpkHkmrTXkQVfYnZs9h,Por qué?,Esto es Eso
45dGKmN6jw7PgK6Dw2rEp2,Real Gone,Sheryl Crow
40oaXWRJALmKVIryVTSgyI,Real Gone,Sheryl Crow
2GYzU8jqsJIUHnoUh0dChU,Say Goodbye - DJ Project RMX,Dj Sava;Connect-R;DJ Project
4RH0lcQzrVDPweIuTOXxgC,Du & Mig,Danseorkestret
1f5cbQtDrykjarZVrShaDI,Drowning (feat. Kodak Black),A Boogie Wit da Hoodie;Kodak Black
653gsiYBCKaXfNmPy2A0A1,Come Here Girl,Brenton Wood
0zK545STj6P7qbFSpCK9pp,No Matter What - Remastered 2010,Badfinger
1pPGQdGD3gXLZm2Y1DgiHo,Walkin' the Dog,The Sonics
4vhkI8x68EaGQR3Kn7Pwhc,Esta Noche,Mike Bahía;Greeicy
0GHWWTG8ZqOtb7eL47qwzW,Хочу танцевать,Max Barskih
4Sv7Fo4bSpK0tM1WBspz4J,Free,6LACK
6IiZBBFqyyK3CLo9BqmmAH,Rändajad,Urban Symphony
2deAep6bquIEGQGFlfvJUm,Play,Jax Jones;Years & Years
0eV2yonbivxFUtGm8RrGd8,Zusammen feat. Clueso (feat. Clueso),Die Fantastischen Vier;Clueso
4qH6j30hRme4NfXFBvUSup,עמיחי,Lior Yeini
6G32zC3WzSYlBUgUO14tPF,Michael Kors,Sir Mich;TEDE;Abel
3MOkPF6JQNI8Cg8G2iJfob,原來你什麼都想要,Janice Vidal
5pVbLYTdihSKd8Kylfhwa7,There's A Reason Why (I Never Returned Your Calls),Blossoms
6l3Az3tumPk5HGsi64PzO0,Ma Insor La Anu-n Mai,Florinel
0fM6an9ue2W2bgM9QBgmDR,Oy Oy Guzelum,Gökhan Birben
3X28Bm8gwS3AgukBYd4Agy,Pille-Riin,Vennaskond
4dGuCncg3xydBZ6A5vYI2Z,Ese Hombre Soy Yo,Alex Bueno
1oEAWsLjCwPdBuHtjRoMrt,Jokapäivä,Aknestik
6hyruZsp4aAmCNHoumdoHS,Il Comico (Sai Che Risate),Cesare Cremonini
0iDXMr2gU4n8dBAnEwNDq7,Me Quieres O' No Me Quieres,Tito Puente;Vicentico Valdés
4hoyxdHVPPMB4wDlXqd4e6,Als Jij Had Gedacht,Wesly Bronkhorst
6na807uSbIS0E2GUL1d4HL,Parachute,Timomatic
65IfFIQ466HhqBFwmgGaGq,จริงจริง,ETC.
35ZgJXAkHUZy0ZtiO3MOr1,Bakit,Gloc 9;Cookie Chua
0hK2MxrmKGrlXNFIpC4Wqh,Palomita - En Vivo,Grupo Alegria
23E53f3C9SJ9MqBh1f6hEw,Juramento eterno de sal,Álvaro De Luna
1JaTOAHC8lIHrEcmalw0lR,Ko Koe Te Punavai Ora,Sumaringa Boys
4DpNNXFMMxQEKl7r0ykkWA,Play Date,Melanie Martinez
5750CMF0SF9FL0Hhe0R9Wb,一瞬の夏,Misato Watanabe
6jF0UV63cii8RE9nsInBb7,Kuningas EI,Tuure Kilpeläinen
1iA4xWMmjE021G4gaWh0Wr,あの娘ぼくがロングシュート決めたらどんな顔するだろう,Yasuyuki Okamura
360ZhWvMnyXKYFG9Mqsm89,Evacuate The Dancefloor - Radio Edit,Cascada
7oTQKirn1QKQPBk4J1PWbS,Rahutu tuhkatriinu,Mari-Leen
7oqsMG0ZZSyINZ8f95fJCn,Turbofin,Grasu XXL
2kQuhkFX7uSVepCD3h29g5,Smack That,Akon;Eminem
2iqfQZDvWXHBk88OxhIphA,Smack That,Akon;Eminem
3DvLpWJ289OCSdzYpz4NDT,Comprendeme,Ivan Villazon;Saul Lallemand
4vA3wLkTODkRJJcvPyXql1,Sailor girl,Oleg Gazmanov;N. Babkina
1yTLDUvJW37nMNucGZfBoA,Don't Say Goodbye,Paulina Rubio
3IQF4xCQUPicbA4hWfTxPo,I Lived,OneRepublic
4SDnwIe2q9LBaMA8f1AXDq,I Lived,OneRepublic
3qqho4PnTn3zlMPBzWhFFD,Ugly Heart,G.R.L.
50UsbjFhEHsnpmvm9uxxXX,King,Years & Years
12BgPmkISRCRO6qx60SHc6,年下の男の子,キャンディーズ
2wenGTypSYHXl1sN1pNC7X,Slow Dance (feat. Ava Max) - Sam Feldt Remix,AJ Mitchell;Ava Max;Sam Feldt
3E9Ccd3OMyENc0mBVYeJYt,Misi Kardia,Melisses
2CI04mrlp1UOy6k0NjcGmp,Shri Yamunajini Stuti,Anuradha Paudwal;Ashit Desai;Purshottam Das Jalota;Shubha Joshi;Umesh Vajpai
0CMSq50PWH1b2nGuUPOltt,Tera Naam Japdi Phiran,Javed Bashir;Nikhil D'Souza;Shefali Alvares
1bqIqDtDl9BJYKwppd9bbK,Eiffeltornet,Ted Gärdestad
5m226vYS2HERDlKe1yL8Py,Con La Duda (with Joan Sebastian) - Live Version,Thalia;Joan Sebastian
4LKXgqO0uD5BEURm582yBP,Syngjandi geng ég allstaðar,Stefán Karl Stefánsson;Papar
4B338BWPeRy6YHKpUXHRlg,Blesava,Stevan Andjelkovic
2v9xrKYqryviolUz839pXV,Rays Of Light,Broiler
0cJD9JJBgj0wvID8qCazVh,Cocaine Blues,Hank Thompson
716vkk69O0gpShllkLMdti,Asi empezaron papa y mama,Los Graduados
1XyL3J7eTTKnxRZAM3LqIT,Beggin (original version),Madcon
1KedGIK1fpqpl56GkW5VgB,Your Love Never Fails,Newsboys
0l0DpvZQgeOfBcwRno8qBI,Cuernito Armani,El Komander
2QAHN4C4M8D8E8eiQvQW6a,I Lived,OneRepublic
02iJdZC4ASGIdBdbrxOZ0H,Gilgarry Mountain (Darlin Sportin' Jenny),The Limeliters
6Hp4IpeMtbkOok3OO9vg8Y,Yo No Me Quiero Ir,Vicente Fernández
7vhoiKkgJVK2TtzbSbG5yu,O jogo já começou (sorte ou azar),Just Girls;Gutto
4EbAftNM732UGLF8gmIIsX,Mi Santa (feat. Tomatito),Romeo Santos;Tomatito
4drUVtTHcRFWt4zRME7q5n,İyi Diyelim İyi Olalım,Nazan Şoray
1tSOOczoxieGDdH0qikeCT,Unicorns & Ice Cream,Dolly Style
5JZGFSGzpRkEksBPu8n1kY,Edhirthu Nill,Yuvan Shankar Raja;G. V. Prakash;D. Imman;Vijay Antony;Thaman S
1L3XZAKODPVuBgeJQpJHLM,Fico Assim Sem Você,Claudinho & Buchecha
6yW2BBJgxg2zGuau8BTaqx,Ellie,Leon Lai
5Z8WlTxfLoCJslWmFSOkdN,Cajueiro Velho,Alcione
20kNmSnwTZjdSf3vW4hfec,Opus 17 (Don't You Worry 'Bout Me) - 2007 Remaster,Frankie Valli & The Four Seasons
3TzSpxjKOnmVrtNOhtK8mx,Allenamento #4,Capo Plaza
5ijru0kyX7Z0fzaSVGVJQ6,Payphone (Cardio + Running Workout Mix),Workout Music 
7p3acA0XUBTmECFSQmtlku,Obsessed With You,The Orion Experience
5lRzWDEe7UuedU2QPsFg0K,The Funeral,Band of Horses
5foih0Qr6pZCCJgs55cKcY,Don't Waste My Time,Thierry Von Der Warth
7nY4dQPdqg5apceI2xnJRt,POEM,The Motans;Irina Rimes
2QD387ZxhUxTJQYLe11w9D,İnceden İnceden,Tuğba Yurt
4cb65MgCXA2JNEhJW6A57j,Scat Men (feat. Ghali & Gemitaiz),Achille Lauro;DIVA;Gow Tribe;Ghali;Gemitaiz
06lFCAREFU5EghzgbchkIC,Elle te balade,Jul
4B9uiee36iakkVDwUXf6TK,La Múcura,Cuarteto Imperial
4ovwVhLuUqiZXvlwnKow0D,地下室のメロディ,Keisuke Kuwata
42k1KeBehAd83lrGt1okiC,Loca (feat. El Cata),Shakira;El Cata
3uYfC2Xa3avMnHDWa7rzhs,Heite Mæ Hælj,Plumbo
06c2L1gFGjdtqIDZ9lleH5,Why Tell Me Why,Anita Meyer
0gIspzcmfUWg5tbXB9Qavx,Suomi,Yksi Totuus;Matti Nykänen
3XgqBcpvoISIl0DvnFiiBy,Poem,The Motans;Irina Rimes
30oZjF87SHCd0CE0ttGm5U,Carita de Inocente,Prince Royce
4v6APzvW6eb89RLn54Gp4T,Super femei,Body;Soul.
2BgunkkepMPFpArQj1Dx5s,Caught Up In The Country,Rodney Atkins;The Fisk Jubilee Singers
48lm2sNdS1rlteMIwLyhJF,There's Nothing Holdin' Me Back - Acoustic,Shawn Mendes
7AukYT7i0ZGguGDopblpaw,My Own Way,Natia Todua
292wwhfpjg2mA7PIyh2RjM,I Could Get Used To This,Martin Jensen;Malte Ebert
6DK2HcUpvnOmTlGcemlkfQ,Marblehead Johnson,The Bluetones
1aPLin9tKYxT2TZrAg0dbK,Rahutu Tuhkatriinu,Mari-Leen
2kM7IhB8JaqjGItde6iSoZ,Rahutu Tukatriinu,Mari-Leen
6HtFG40G9snJdzfSCQFnqJ,avokaado (leidsin ta),Pitsa;Reket;kohver;boipepperoni
7BkQNm8eUqBncCgbu5FaRZ,I Love You So,Bo Diddley
3DUcwPEG3fOLLFcxiYAjSz,Yaralı,Bengü
2MnqjNygVvhq6uRLOBEDYh,Fly Project - Goodbye (Radio Edit),Fly Project
01N927VN3LvrSepEO1CdV3,Brilho Oculto,Mato Seco;Circuito Reggae
0vjbYWVR4N08uWureijhBX,La Vida Sigue Igual,Sandro
2hFdXFuTZid58JkM7DA2oD,Lo Que Yo Siento Por Ti,Alex Bueno
32LMUGCiTPMdmGlorIVezT,Pop Song for Us Rejects,Silverchair
2ygZUatsdnRNHbVURILaen,Cara O Cruz,Luciano Pereyra;David Bisbal
2MeEuwplwbbjZ7hxRI6viw,El Güero (Feat. Marca MP),Grupo Firme;Marca MP
19gFXFDAFUdsuaiAorKEbr,"Tempo (feat. T-Rex, LON3R JOHNY & BISPO)",FRANKIEONTHEGUITAR;T-Rex;LON3R JOHNY;Bispo
4ux6NjzqD98nXZs4hMPrxA,Rising Sun,EXILE
36n3OdHmEJqvWl5Ut2pDtF,Little Black Backpack,Stroke 9
36jmHArs8Du2saD9XGJ5jD,Play Date,Melanie Martinez
4GBcYFYVwnsPDo6OOauRir,Play Date,Melanie Martinez
2kPvVDHVhdYDSr9E7Kfwuk,まもりたい~magic of a touch~ - Album Ver.,Chris Hart
2bGnZZKHR3QqHLjh1fkKMq,ไปน่ารักไกลๆหน่อย,Dan-Beam
1R506crjceRDtrf9BGsDqK,ไปน่ารักไกลๆหน่อย,Dan-Beam (D2B)
2byW0LT0nuz836hI9p2GBJ,女孩 - 《放開那女孩 Free That Girl》 小巨蛋演唱會求愛主題曲,WeiBird
7Ibju6yc1y3H5FUvVamSJf,女孩 - 2015 韋禮安《放開那女孩 Free That Girl》小巨蛋演唱會求愛主題曲 / 衛視中文台戲劇《長不大的爸爸》片頭曲,WeiBird
2uyeV149rJ6dPL11xY3Wpf,Lo Más Valioso,Once Tiros
23TPP1eeElFfvYVznskwCY,Glitter,BENEE
5aowfqA6aFjK1FScZmg4pN,Hanno ucciso l'Uomo Ragno,883
0JCQKW87etxYvcsH2XWvbs,Hanno ucciso l'Uomo Ragno,883
0XHEj7hG08mTHaavDZVdvx,69 Party,AK-69;DJ MOTO a.k.a. DON GRANDE
064NEtcV4JQqGxAtfqvRfI,Beautiful Girls,Sean Kingston
67D9O4Oau629qirRXtTWCS,Beautiful Girls,Sean Kingston
4NxhRSZ9lfeAUEjuhcB8Jk,Mala amarela (Participação especial de José Camillo),Daniel;José Camillo
700qPFOLSMIY0C1VDKGBYy,Fokofpolisiekar,Fokofpolisiekar
714p2pS3RhoTJCfTN1f9cF,Vendetta,Marracash
7g97EfyxPG5XZgYmLig9ML,That XX,G-DRAGON
46x4KLgqhcvB4SXNVNKqaF,Dis-moi qu'as-tu fait du temps des cerises,Jean Ferrat
0weK7Rpf3QwOPqTBJM4Hau,Ven Tú,Domenic Marte
5ggqIFvnoswPWPEOsbuEi7,Conquista,Jerau;Sandro Saga
5gitNTappe4ZsmAqlqPxFD,Vi låser dörren in till damernas,Kikki Danielsson
51AAxvmRXUQwHJbv28a70Q,髮如雪,Jay Chou
6DFHHgn1HmI2tUBgtvpFn6,There's a trick in pickin' chicken,The Victor Orchestra;Nat Shilkret
4SehJJPSAb0BYgNZ6MQpoJ,Percayakan,Lyla
5yjRRCdHhkyeShPQgttARp,Bebo Pa Carai,Gino & Geno
3j6WgfSIwyvC1JR7XsbWnn,Viską Pamiršau,Džordana Butkutė
2XlSx33jLIXsqv4CkYxnGW,Liberdade! Liberdade! Abre As Asas Sobre Nós,Dominguinhos Do Estacio
5X52DHbppcht2DWHGdgTrw,ร่ม (feat. ตรัย ภูมิรัตน & ออน ละอองฟอง),Stamp;ออน ละอองฟอง;Trai Bhumiratna
6WgEFbLbgUpTAt2qnYrBYg,Colours & Lights,GoldFish;Cat Dealers
5lPQqltp3XtnudcdQWAnzG,Canarinho Prisioneiro - Ao Vivo,Chico Rey & Paraná
06KVx1il9j6VbQfVtFXpW8,Lips On Lips,Tiffany Young
7sZs0t1NBltmCkKJpGn8mg,אל תאכלו את החיות,HaPijamot
3wsf9zrleaCd4lfFOHa7Mx,Finally - Radio Edit,Mr. Belt & Wezol
5MbszOoRyTOwOIJEOIZn6v,Sirikkalam Parakkalam,Benny Dayal;Madurai Soulijos
7DG1c2YssRhlbaZzQJ4gEN,Te quiero a ti,Valen
3537A0NvfWAEZBZS3Ui3s3,素敵な明日,Seiko Matsuda
3Ys2PYl1wyPKQIwyqhP9cQ,Stay Gold,BTS
1VJwtWR6z7SpZRwipI12be,Candy,Doja Cat
0hgHxwMSUZjufTdQJNuaim,Tracy Jacks - 2012 Remaster,Blur
6xjks1MbmXNPRewKoeyklJ,Tracy Jacks - 2012 Remaster,Blur
47XJDTQzlLgnAqTGqqfLAm,Running In The Family - Single Version,Level 42
4xbkY3EEc5WQs5cEPsXSxF,Harika,Ebru Gündeş
5rZAgfcv0vpOZ0eQR1jdvF,Ipirhan Orki,Giannis Ploutarhos
4xcsyd1EY2L6jkAcaM1oLE,Kvinde Min,Gasolin'
4E6kCqgh3HdhriSIT7rVPW,Pink 5ive,Silent Sanctuary
7D49Iig0avHre9RFSUMkd2,I Lived,OneRepublic
1ew3mX7cKUAw5Wor620z7K,Mešita,Tomáš Ortel
3L2Edae98EXaxsyCPQ63Ih,Y la Abuela Tambien,Abuela Coca
6fYaAtzGmF5KVHPmRNzTqF,Ora De Germana - Liebe Deutsch,Voltaj
63sb8Sqwi040rIescXhVcg,I wanna be loved by you,Helen Kane
5nt9dy4y7k2HyRfuptqI4u,Under månen i natt,Ulf Lundell
62KVTdFkhd76sQ0gTJY7C8,What You Waiting For (feat. Colby O'donis),Mizz Nina
2qmdgQun2BbLmIRsQsedER,İSTANBUL,Zen-G;Bayhan
5CYJ6xaC7b75r4ZIIHEmCY,Gotta Go Upside Your Head,Buddy & Ella Johnson
5KkGoaNvtdOiGyOvPgZT1g,Misunderstanding - Live,Phil Collins
6MJf1qhlOrHIDxre4HJrNG,Alenka V Říši Divů,Karel Zich
5H6EWrxnOEDF9VQzPclOqa,Barbi Superestar - Directo,Joaquín Sabina
1wfDvLRSQVFEWC7nfE6C4L,Poison girl,HIM
7LQne9hqD78jDnYfZjdecR,Wild Is The Wind,Bon Jovi
2taw4GVh2lq9u7wRCVNvOF,Wild Is The Wind,Bon Jovi
3Ev5ATks540KaOFTjIH97S,Here Today - Mono / Remastered,The Beach Boys
1NzdP5MJXEL12QMa4PBYyX,Pas På Den Knaldrøde Gummibåd,Birthe Kjær
0xCDLep2hNlKgO2ppP2DsD,Non me ne accorgo,Marco Mengoni
5i3SxDtLa3pdf8fgSakHjn,O circo dos fachos,GAC - Vozes na Luta
7luXUOmBwcUhKJVhUcGngF,Alive Again,3LAU;Emma Hewitt
6MW4akyMVOfnhDbwoYJI4D,Único,Joey Montana
6Fe0bY8vDxBnN7rDgu3ACE,I Would,One Direction
33UHORQ2f7b78SXl17ZeTx,Evie (I'm Losing You),Stevie Wright
6jvBGHzYPvC49UTia5scmz,Evie (I'm Losing You),Stevie Wright
50AyzwqlI7vhcABeB3OBbB,Viaje Del Miedo,Catupecu Machu
1kBatR53HRDHevRbuJx8w0,Una Gitana Del Rastro,Parrita
2XZt5ACXfEiF9QyxMnwaIr,I Can't Make You Love Me,Tank
7DcVlnx64DMPt2fQTm46FX,要去高雄,Cosmos People
5nmVf5dSgH4A25qsev28Mi,gENAuSo,Dardan;Xiara
5N5sbaoN8UvXw8ngNR9iUk,Mojada,Vilma Palma e Vampiros
3vUmkZmZkaYxt42tMjcvmw,Mojada,Vilma Palma e Vampiros
7FLVnDMOZXKRFgRM3C4aUG,Hurricane,Thirty Seconds To Mars
69wXbIKtG6hzE4ID0wJTry,Hurricane,Thirty Seconds To Mars
4eCwlJPOYLUH2WvvYzddOn,Sedem dni,Ivana
3hd2EiWyT9d7N0fb67l1zk,Whiskey in the Jar,Lifvens
0UdzH7ksETFPYRSp7frHoJ,Sublime Mujer,Alex Bueno
2mVqfKbKGmxVXlVswhlI5T,Chaap Tilak,Abida Parveen;Rahat Fateh Ali Khan
5wUUWVRvrciJqFitZF8R0P,Recognize (feat. Drake),PARTYNEXTDOOR;Drake
2EQLkZ8cI5DYnZw7CSxzbq,El Conventillo,Roberto Parra;Angel Parra
3GDuUE4akp2XivZop7OXc0,El Ultimo Billete,Los Morros Del Norte
0TYwM4N86mIZ8pg0pDq60s,Ela É... (feat. Anselmo Ralph),Paulo Gonzo;Anselmo Ralph
5a3QKIKjqWochXnyPSe9XS,SAYONARAベイベー,Miliyah
0nOfeBDjOJav678UfsrL3E,Eterna melodía (Eterna malattia),Bertin Osborne
31eq0w0TEJP84QNQxv5X42,"Kaasua, Komisaario Peppone",Popeda
