2k9N4caeCIJLOWwWwssrEM,Easily,Bruno Major
3tMCOwEeHvTVqItVq58EMS,Soulboy,Ratata
11PUhY3ulfJWMGkUEslR41,Eroína,Angel Viloria Y Su Conjunto Tipico Cibaeño;Dioris Valladares
1BqVhKIAy7B7BkfMUoQpWF,Madame Pompadour,Első Emelet
167xMKBH3UYhYypXrIzwod,List Otcovi,Rytmus;Igor Kmeťo
1lsoQRmBziPdxAMgQqMZH6,Burn the Flames,Roky Erickson
55xnN0AU1bAZVIqPfPNcWN,I'll Always Love You (feat. Shai),Boney James;Shai
5cr93CAi74Pd060p5hM6pV,Tarumbò - 2021 Remaster,Pino Daniele
3FrJbPYEsWlFKk38UF320a,Mere Dil Mein Aaj Kya Hai,Kishore Kumar
5MRQvbpvXejJJy0OWciP8G,Exodus,Bob Marley & The Wailers
01NrLWC3NMfdfv9PmF0xMP,Samikitte Solli,S. P. Balasubrahmanyam;S. Janaki
6fxcpQMUoX0ofnbIHVnVWN,Out on the Tiles - Remaster,Led Zeppelin
3VsNds657xlzgFrbmp4Up9,Out on the Tiles - Remaster,Led Zeppelin
4UvnkM5UZdvpo4pIApfBJ1,Canto Al Amor,Sonora Ponceña
2lPV0bfNMgn7LGAXEyU1qR,At The Fat Man's,Tommy Dorsey
4k0V6cMkeJzEMB4m8bKxE7,Sab Janta Ka Hai Ye,Lata Mangeshkar;Usha Mangeshkar
2fvFtcCROdWfszsLQkbr4h,Do Dilon Ko Ek Dil Milke,Amirbai Karnataki
5edem9oqTCFMeI1j8CdCsE,Hey Joe,Marmalade
0hMq4brgz3z9IEpt2W12bc,הימנון ליום חול,Gazoz
1DJgv5wP1gDDZELXqdvaqx,Pārsteigums,Lādezers
7JUah3ku1Gv7uJAZDYAKZT,הימנון ליום חול,Gazoz
3LQShwGobqIm7YkoEzOGyx,Will You Love Me Tomorrow,Graham Bonnet
5NPzbTzFxIQPaheZuPhn4f,Forever Alone,Paulo Londra
7Ch9JbUuQQW4nKAxbep4sb,MAYBE CRAZEE -I Love You-,PERSONZ
7nmKxbBmAK5B1cwGix1gKt,Padam Padam,K. J. Yesudas;P. Jayachandran
75t8WIJkPZNBcT5loi3V3N,MECHANICAL DANCE,LUNA SEA
5r39PUj5qJejsaYlLGshUF,Olduramadım,Özkan Uğur
0nwdpzkrKVKT5o3mUnamEq,Verguenza Ajena,Los Jaivas
3gTLMQTfm2JH0bzNhOq8lM,Aaku Chatu Pinde,S. P. Balasubrahmanyam;S. Janaki
1DXQQ4zSztdDttyeAjKgvv,Onder Mijn Dak,Drukwerk
2wLhkxGJ2NyHAvggSZMaht,Dhannyosmi,V. Ramakrishna
1mnyZgmDNKupHrsh90k9LB,Même si j'y reste - Remastered,Francis Cabrel
387I2UGkfaYYdWOciA5uMh,"Still Crazy After All These Years - Live in Philadelphia, 2019",The Mini Q's
3pOvAeGU31McxYFxGIY3qP,לומדת לעוף,Dana Berger
0swl1tZWBEBOdRVPN6axXe,Amiga Mía,Los Prisioneros
6mMpd5h6rYiiBdxv2HxUtH,Si No Se Abrir Mis Manos,Lucybell
4xk2WCiPHRda9coXORPEkn,Давай поговорим,Mikhail Krug
7l0LDXTObfCys2klWOKs7L,Hopa Hey,Gidi Gov
17rietOgibqX91FsxdWF0P,Lonesome Shack,Memphis Minnie
7MrERMGxt39g2iKjafDJ7l,雨あがりの夜空に,RC Succession
01uZOrSmq1Kdco9DTj0ttc,I Can't Reach You - Mono Version,The Who
4IAGNKBnD8RdrtYEMJ4g0b,Baar Baar Dekho Hazar Baar Dekho,Mohammed Rafi
6oDfz2nfWfTqpGzsfFZriU,Ae Lo Pyar Ke Din Aaye,Asha Bhosle;Kishore Kumar
1vQlrJ4AFcgFTi2clbNc3Z,Nothing,Dusty Springfield
1gFPOHD7xosmZJPTEemP3i,Yaarige Yaaro,P. B. Sreenivas
6gGHVjv1j5fdyRwsajvDpG,"Gone, Gone, Gone",Carl Perkins
32arZ09m8FH1vTNJn2xdmH,COEUR EN MIETTES,Damso;Lous and The Yakuza
0lE2Jl13AfiAONJKrrXDxD,The Leanover,Life Without Buildings
2zAg7ycO5zumofXXhMP4Pz,Joutsen humppa - 1978 versio,Martti Innanen
09dT2vPNkqIwXx3vaoUgiB,Ya No Te Vayas,Sonido Mazter
2ouYoZqbfZ5iTUZvu3KqTZ,Vara vänner,Ana Diaz
5c8PkM85cAO2GwyB4dx1kM,Easy Listening Blues Aka Easy Listening,B.B. King
34SXhTZyKTbG1sqUMx52ET,Knackers Yard Blues - 2003 Digital Remaster,Lindisfarne
2mWCOOoBobbQk5eDJMkHcg,Cumbia De La Raza,Super Grupo Colombia
0bTjTpfvpWFPITwQ6jkHGe,"Me Va, Me Va",Julio Iglesias
3PhNPuA6iLckcEqVyZphms,Grisoscuro,Instinto
7kppyL0pM86piLRzUmp2fa,Insimbi,Mthunzi;Sun-El Musician
2629kqdJQhPMqXfWz9akjF,Dance Up,TumaniYO;MiyaGi & Endspiel
2HNkaWx7oC70z4NkydEwBW,Bhagwan Bata Hamne Tera Kya,Uma Devi
2CsPM9PsBv13a8SQs1ndMr,Habeo,La Vela Puerca
2Dk80FVOx8yfUhTUWsmNga,Sabiduría,Orquesta Narvaez
0LWMPb7Mu8el8lzpjSrRpf,Hurjan pojan koti,Tapio Rautavaara
2eHj0klWkwRQuIrNlPpCPa,I'm Every Woman,Whitney Houston
0WFaQNCdmyONO7GIWL8mDZ,Set A Fire - Live,Jesus Culture;Chris Quilala
0Gkt2vH5etShFfNW7iBY7M,Mobile - 2012 Remaster,Gentle Giant
2YtVzmZzew1ILUdNueyWd7,Wait Until Tomorrow,Jimi Hendrix
3tFQ4Zz3FKz3s6sCdY1mQg,Funtime,Iggy Pop
7yjYP9I02zAm1CMP25nTem,Samba Da Volta,Vinícius de Moraes;Toquinho
3XrPNRdFbGZESTGPte23dD,I Hate You,The Monks
14GvoIxnBb6UutcPfiqtI8,"Wesoły wieśniak, F Dur, Op. 68",Robert Schumann;Marek Tomaszewski;Waclaw Kisielewski
6apCuRzYH3rRyQudXjPGac,Я твоя не первая,t.A.T.u.
44Z98ZN5O3Ee20xI3DoRXv,Slowburn,Peter Gabriel
7qM6a0Wvk47JXDlkGy06K2,Bjørnegymnastik,Sigurd Barrett
2BBAhRxx9BtgsnTsXLLhxK,Tempestad,Savia Andina
6vHX0rgKXSvzO09ITbXsLu,Pecado Mortal,Fausto Rey
3FhapDL0rYZEpSwRW56dYG,Sinner,Jeremy Loops
7e6qTHVfRdaYsio90s1fHC,Ik Junoon (Paint It Red),Vishal Dadlani
5qC17VMNoZdF2gAw28FtsV,Monday Loop,Tomppabeats
3oZYLmSoQjVPThbYKfCqd8,I Know What I Like (In Your Wardrobe),Genesis
3SQIx3rfFt0jWsxbyOrUPJ,Stamp On The Ground - Radio Edit,ItaloBrothers
1LcLhonnvVifGT9H47X5Dk,Amiga Mía,Los Prisioneros
4pO7Wwd8IsjMQM8t6rfxkp,Nagmamahal Sa'yo,APO Hiking Society
373HS9bxPej6AuHBFM5fbX,"Baby, Don't Change Your Mind",Gladys Knight & The Pips
5DkkMpLWTxNLG6XaqZaH7c,Si Te Aceptan,Maxi4000
4gmKQei9Z9ZWFOxUaqlU14,Für immer und dich,Jan Delay
48XhSqd0MLFUhWuh82nHV6,Blood of the Sun,Leslie West
2KTw4vRM6mdBzMlVkInvSS,O Clima,Lhast;Dillaz
1D2JZNb53HGYcBebzhzHBQ,"You're Beside Me, Pts. 1 & 2",The Isley Brothers
3j54M5RVFIBFQOIk7dawf8,"Once Bitten, Twice Shy",Ian Hunter
6emIQtxZLKBsMQpWCMuzlJ,Dirty S Hwy,Jwonder
2qKXdiPJksSNwsxt4MK5Sm,Ona poszła inną drogą,Breakout
1s8d3pqjySul1mJLrb0jNr,Makber,Sertab Erener
5EJjNLVNsCgL7fj2VVHaup,Chaos,Gedz
17pa6fqg4NAyrg1SFHAydC,How Many Miles Must We March,Ben Harper
6iqNObHTJBBullTnw6UClh,Cuando Volverás - English Version,Aventura
074ye336kK7KawpVUSnoBX,Llevarte Allí,Cultura Profética
0OTayCTXozQGCkuhtsMKuT,Jingle Bells (One Horse Open Sleigh),Bastiaan Everink;Marine Band Of The Royal Netherlands Navy;Major Peter Kleine Schaars;Nanouck Brassers
3jg3ECrVJM63ylcqhWF7xE,Spanish Harlem,Aretha Franklin
5uxsIipg0qhs22bU0Z62zE,Tu Amor Desapareció,Luis Alberto Posada
4orm8yoRgszaIna0vCTgz0,Tu Amor Desapareció,Luis Alberto Posada
23rCTwH7bcU6ZyWovqmxeQ,Somethin' to Hide,Journey
7DmT3f3HfXuWPekKeBvFcj,Cherry Blossom Clinic Revisited,The Move
4oh15qYaAu8aDbUzbmja5J,City Lights by the Moonlight,惣領 智子
2b49BKYrMqHLCA3KUlMy9S,Dvaja,Marika Gombitova
2Ic1h1uXjCefluHooHLwVk,Отвори ми,Кукери
6DH1OnxT0dVcARAU9sLiFc,天命最高,Louis Koo
1ECEwbEiZ2lupxFTSULJsj,Kék és narancssárga,Republic
29iNhnoFkQBvOlUKn2io14,Bailar Contigo,Monsieur Periné
5sUsROzsxUB7gaGhHeQb4N,Champagne Papi (feat. SRNO),Dopebwoy;3robi;Boef;SRNO
4NyKEVldCvokxpmeFBNNXI,2 Wicky,Hooverphonic
5bylaCp22328sFwlzLNC0n,Purple Sneakers,You Am I
6YU1jWFKklpJqYcEAep7oE,Gimme Three Steps,Lynyrd Skynyrd
6w5vWxq7i7S8kBh3Vsvzfg,And I Love Her,Rita Lee
3cz9EK3hMxRGeVAKIDZXUa,Одно и то же,IOWA
4PfMZ9APAEgMPHH5BbLZ6Z,Wonderland,Big Country
1xq143jWvrvAkMfYGWWQbN,Fall For You (feat. April) - Sandy Rivera's Classic Mix,Kings Of Tomorrow;April
0OCK2mALx4ihLobWYSJydg,No Superstar,Remady
5Ve3wLC6nYY1c6UZYgPkS0,No Superstar,Remady
7qHQiLwRKEBtDNFBblezZP,Vyhrávala Kapela,Jindřich Bauer;Josef Oplt;Ivan Trnka;Dechová hudba Supraphon
4pyPqOvlZuhWNucBpMV13c,Masih Ada,Rida Sita Dewi
2oVEBjAtn7ITKwo0sTAWen,Se Solicita Un Novio,Oscar D'León
7jqOUgpsVkay0igXmixB8h,Sin Embargo Ay Ay Ay,Luisa Maria Güell
0Wx79omhOA1acXYYlImO7Q,Min Kjære Du,Vazelina Bilopphøggers
0NofT0qVdcsdc2b4iayTIQ,Rocktóber - Remake,P. Mobil
0zQa7QXLpUZfrrsWbgDZll,Beete Lamhein,KK
14F69F6S5YeH3MZ4g0WuOB,Lahn El Wafaa,Abdel Halim Hafez
7kOcCswVsKIvgFNmAJz8lo,"Si Te Vas,¿Qué Me Queda?",Chacalón y la Nueva Crema
2q6Zf3bm42m8vZTp5C1Fdy,Bailando,Frankie Ruiz
4VhYurszJHGvP40DV2nLWU,Timpu' Zboară,Oscar;Deliric
3P1Yb9uVorSSXPWEN1WhZ8,It Started Out So Nice,Rodríguez
7dbNC7CvnkAxrMOFDwdqn8,The Garden,Guns N' Roses
7mHPyZS9pUdjTOkX8iBsdW,Próbálkozok,Misshmusic
2x9UGhofPBZdeam4uZCUID,1000 Tahun Lamanya,Tulus
6IaQ763OKTJ9dXHZpL7dmz,Chupke Se Mile Pyase Pyase,Geeta Dutt;Mohammed Rafi
225yne6LD2hPzjeLDCzdmE,Chupke Se Mile Pyase Pyase,Geeta Dutt;Mohammed Rafi
4VvBpxScNFzbJpqiE0HZTg,El Sinaloense,Juan Gabriel
6Tuep7DAiB9FGhBnpSLCFD,Let's Stay Together - Single Version,Tina Turner
2pxftVTI1ACfpvcryvebxd,Every Day,bo en
6shRGWCtBUOPFLFTTqXZIC,Upside Down,Jack Johnson
1upzszB5JxMfNUEBmkcgaO,gebe auf.,Lune
7GHf8dQ2wA71wYOuRsQCZP,Rhythm of the Rain,The Cascades
5MeUMSRreLHYLhw8ZTyqpk,Renee,SALES
1OecMhoSyjWPQHkGwNR5Vv,Honor and Harmony,G. Love & Special Sauce
1B8rsOsZtFE6ZgZcpIfaeG,Anna,Madame
4Di3L6oQQOlpKDmpAtl5gv,Inihaw,Siakol
6FBxN0KSileeQ9oHSAo3xw,Valentine,T'Pau
1BUxUnEe6h02PL9NV5rzhq,あれから君は,Off Course
2DdOhr9bqjdr2gEOcMDWLq,The Guitar,Revus
2g9Aii5vbGgq0LxdRBxTv5,"Boga, Boga",Silvio Rodríguez
4ljHaSdbNXKbj1Rm0YSLsq,Bu Kalp,Tolgahan Tarıoğlu
2Jl19rzK7TsLlEAnfHtAoP,Ele é Por Mim,Fernanda Brum
787Xq20rkccCLttASpk9Hy,Angel of the Night - Remastered,Angela Bofill
1ypEkjUjWnHBWadKPIob7g,Comme tant d'autres - Fox,Françoise Hardy
5toOQ6X2o95rfh4NThIaTB,Cuanto Siento Defraudarte,Linces de Bolivia
5hN6ZQBfIKz3qjKCIgp4dT,Í hjarta mér,EGO
4ZvEuCfClEFXmwF6wjRD03,El Loco,Mac Salvador
5C1JZPESusr0Pu0lTOqXoV,U.S.A.,TNT
0aJrYfARfCKzv6gXjhs4SZ,Upside Down,Jack Johnson
3AaamjfbGzb6QDfMbMi3nW,Nóttin til að lifa,Skítamórall
61dht7XTCDnjRa3f1HgVdj,Daydream,Finding Hope
23NPGXlSaIqWzvxIRhM2oG,Under the Bridge,Red Hot Chili Peppers
0HRshWRNAwQBROvxXqG3i9,Skinny Love,Birdy
4RL77hMWUq35NYnPLXBpih,Skinny Love,Birdy
1oBDaufG8Arkz3t52UbiQi,Skinny Love,Birdy
6k8kLJFmWkHaTbSLUhJ3H0,Skinny Love,Birdy
2hRMHB4ZEYrCBM0d0vVEdq,Skinny Love,Birdy
2rYZd5fqhcyYLz67FMYkHL,Amor De Unas Horas,Cardenales De Nuevo León
0eH0SU2Nep2xTlXcJUs2Zs,Има ли нужда,Boro Purvi;Jluch
3FV3I7Z9ma29BG1dWOPqEj,Şarkımı Senin İçin,Emel Sayın
6XvzrydQkA6lNjpmdQOGYw,Sembilan Hari & Liberty,Dewa 19
0RZVAhyB8vhxQz6ITjiuyA,Noise,Nightwish
4dOmlRarwG6KLPZyeSDOye,Kathalikkum,Kay Kay;Malathy Laxman;Timmy;Chinmayi
7v9utQ6t0eLcaLKKevZJ1a,Corre,Triana
0pV50H3I9YL2mfwdKob4pc,Por Estar Pensando En Ti,Grupo Bryndis
5Fea958X3CHjxolKxMwCzb,Mistreated Woman - Take 1,B.B. King
6RywpX6uQkmugNgyVrKUd3,Quien Te Cantará,Interpuesto
0uDuCHUwrfvBOjRdIyixnf,ישנן בנות,Dana International
4mmxRNcdgtMQ5diCI5LiNs,Huelepega,Sandy & Papo Mc
0KsITYRFHQmz9YwsafUQAz,El Anda Diciendo,Suéter
0ryo8n1LuttIv3tyHWSgNq,Jangan Egomu Kau Paksakan,Ada Band
4ehRzt45qxbQYkfE870nze,Lyden av Norge,Lars Kilevold
4t5f26bI4fqaXLyOyrF2NU,Pindurai Mambo,Oliver Mtukudzi
1YIivMdTYjIXgwy19qkotL,It's swell of you,Cy Feuer;Alice Faye & Her Orchestra;Alice Faye
1QhR55frfvXrKbnEAjGZmQ,La Peste,Narcosis
0163ud7I4Vb0ID5K7WBkq9,Piercing Light,League of Legends;Mako
5QxK0PWees3VUjyENudmVY,Under Grass and Clover,Children Of Bodom
0YnoAn9FBUopgdwEOTsGlE,Hold That Train,B.B. King
1m72WqWFK3VgFqOyT2PDS9,Psychoza,Kaliber 44
2OnqLGs0xZvr8ZNzWJELGo,Extreme Ways,Moby
00TFDHSe7s8cWm5CzDY8UP,Extreme Ways,Moby
4hi9OTFKomNUlAIhp1fmap,Bailar Contigo,Monsieur Periné
66Vp0lK0dCcNOaG6zV6dzO,Hey Dude,Kula Shaker
7D9KBLwwotrSWrseRekDxn,Sertlik Kanında Var Hayatın,Sagopa Kajmer
2pDBjUDNzXSCFC7ijwA4uS,Por culpa de una mujer (Galllino),Prudencio Ramos
4HCLuuDvajiq9yMFUqRVCY,Norske Jenter,The Kids
4aEat819IQgEmZ8Dkc7Zyj,Fac din noapte zi,Tudor Sisu;L-Doc;Cedry2k
2IclipwAZE2yU7YfavuXNN,Milonga de Ojos Dorados,Alfredo Zitarrosa
2nw2P0obATD8LaLR53X6l1,Un Ka Andaz-E-Karam - Complete Original Version,Nusrat Fateh Ali Khan
6zFFYdst2u4PIKykSU7HOT,The Hunter,Free
2yttT2v1OSQTtSVHnBWjLV,Fenomeno,Vasilis Karras
13XOPN2SRtI0jgthFGP6uE,Мама Дай Мне Больше Денег,Майк Гадалов
3JDSMWc5n4HESerXvkA7CN,Tatuajes,Sonora Tropicana
22vVQsoVqhJzR1SvyOQo4S,Fenomeno,Vasilis Karras
3p9yKZ3ijdRyO4fOE9B8BH,Somebody's on Your Case,Ann Peebles
5D2CCCi0UN95aTekZASX13,Monk's Dream (10-15-52),Thelonious Monk
0jwUWbOMj9t0fCyS2BIgNg,Füstbement Terv,Red Bull Pilvaker
0RDm6nifR4k5mHUpX3ZDq7,Listen To Me,Baby Huey
4vKGzN2BnPGnjuNtt1ugVm,Carol,Ratones Paranoicos
5fP4sfaCpUi1kOB9Y4O4V1,In My Arms Again,Shoes
0jSaOciSTnoy9YKOQhLQ1t,Hero And Heroine,Strawbs
2oDBfOYXLeIIOpSBSIfnba,Fast and Frightening - Remastered,L7
3BCjAAmuXBzlF77cz3Yc3W,Tarzan apabróðir,Laddi
0Hp8yjYaEXJoNGeWO3iYkc,Si Me Vas A Olvidar,Leonardo Paniagua
0iGNd4z2m80OjE2JcWmBSs,The Voice,The Moody Blues
3t3wsY5IdLVzB9WidegJSU,Jeene Laga Hoon,Atif Aslam;Shreya Ghoshal
1WiaOfhXFOy7FHlxUI0O6b,Killing Me Slowly,Luke Million;Thief
1jawGUnvY3rBrRupDGjbWK,Merupula,Rajesh;Shreya Ghoshal
5H3mXg5URgTVwHxbx0MX35,Desde Que Te Vi,El Kuelgue
2XxKomhYEp7syv4jt3j0EY,起來,Quarterback
0guet3R7BteW4of7LfhDwS,Divane - House Mix,Yaşar
48mw7hKL4OnOKWk8vxoUEx,หัวใจไม่อยู่กับตัว,Mariam B5
46I5qWz08vpiIKIELjtYkX,หัวใจไม่อยู่กับตัว,Mariam B5
0JNijCVL3ST5DjAQH9gWui,It's a Miracle,Barry Manilow
5b06F0e1Z6hzFMcMrzcCzL,Yol,Fikri Karayel;Tolga Erzurumlu
081ccCOe9myoXhqDm9uNTh,WATERMELON,Tokyo Ska Paradise Orchestra;Yukihiro Takahashi
5cx1HbS9O6uBkiL1UJyJc9,Solgun Güller,Zerrin Özer
5ToEgM7cytSdGVnqY7odSI,Anyway,Genesis
4hzXnPwDueSFf1uq4swA6u,Anyway - 2007 Stereo Mix,Genesis
71SvEDmsOwIWw1IozsZoMA,"Any Way You Want It - Live at Cobo Hall in Detroit, Michigan, August 1980",Journey
5DGVSPwh07yUCl0f59AJMi,Huelepega,Sandy & Papo
4WjZwfdm3H0jucilpZGDkn,Happy Song,Boney M.
652hWPdOUIkKv3a4HJDzBv,Slapeloze Nachten,The Opposites
2aWVaW1p2kUc5yuKwBmRJi,I WANNA SEE SOME ASS (feat. jetsonmade),Jack Harlow;jetsonmade
6MrQV0rcCGVC9Z3moyj7Ih,Pongamos Que Hablo De Madrid,Joaquín Sabina
56vE44iUovizZYRC5WX3O2,Pongamos Que Hablo de Madrid,Joaquín Sabina
3uEARRieCasHCMUL9hddJB,Já não há canções de amor,Rui Veloso
6p88l3t0coQArLb8x2qOru,Já não há canções de amor,Rui Veloso
2DyHhPyCZgZzNXn1IrtsTu,"Any Way You Want It - Live at Cobo Hall in Detroit, Michigan, August 1980",Journey
2ldTyHj2V6TrtwgqkSmVUJ,Intha Nadagam,P. Susheela
5RaxhO517p4aEgO1F5pxr1,Big Fun,The Gap Band
3UhSusmFL4srsX2NyNT2sB,Kana Kanade,Madhu Balakrishnan
0yzAjMhKNNUWTPYn1zKRDl,The Sign Of Fire,The Fixx
3zTT9EL1jWMJhDtcDwjtHG,あの娘に御用心 '78,Eiichi Ohtaki
1qzMhhs44H7uNGUQQSL58t,へっちゃら,PRINCESS PRINCESS
0tWWYsIryOCbdokdngJSCg,Faller ner på knä,Gyllene Tider
6pCkUXn0gpR9DgJyXtLWLQ,Eee-lie-loe-lie,Sound of R.E.L.S.
6iZguKPKxwY8bL7cL2UMv7,I'd Rather See Him Dead,Memphis Minnie
1brOpIkAZXwg0cuGRDOOMh,Una Carta,Juan José De Mello;Pablo Estramín;Larbanois & Carrero
3HNV3YvWq5HFw6unRdcqqk,Всё в порядке,Smyslovye Gallyutsinatsii
6AhS6a2bSj52Rnn9x044Hh,The Need to Be,Gladys Knight & The Pips
3nGJBIGDvMvjzfNCCo0nnx,Dulce Con Dulce,"Johnny Pacheco;Pete ""El Conde"" Rodriguez"
5pwrO2hoZ3GG5K3TEseVMS,Ennyi nem elég,Ákos
5z6kCwTvyJb7MlgMPjXFy9,Fine Time,Cast
3l7vUdzFY1zr2ilOVtukO8,Lagi Aaj Sawan Ki,Suresh Wadkar;Anupama
6hSkclvACZbNBxjey5wEJl,Skinny Genes,Eliza Doolittle
5ICv1KTrWjFrN9aem1NlPv,13 Mulheres,Expensive Soul
6ofNhSaXSg0TjprT1tJlDX,Book Of Brilliant Things - Remastered 2002,Simple Minds
12UeduMd5QBAc9RsR9Vk9o,Lagi Aaj Sawan Ki,Suresh Wadkar;Anupama
0cbWuusiqOoTt8zGvSqj00,Prebuďte Ma V Inom Storočí,Pavol Habera
2qsndHPTot6Zktjf65xHxj,Roadrunner (Once) - Alternative Version,The Modern Lovers
0qRSrdDK4xj1doRViNPYwM,Roadrunner (Once) (Alternative Version),The Modern Lovers
5ui4NzxjntyFHYsB88PIT4,Vamos Pa' La Disco,Las Guanabanas
590ljNyQ5HW4ScR7RiZhIc,Do You Want It Right Now,Degrees Of Motion
11iw5uAT0ekWuhjg54PtKc,Spain,The Stranglers
2nNPg9crPdrSJ3C6K5MPJb,De Esta Sierra A Otra Sierra,El As De La Sierra
01yeCqBol6a2pKYDG36Ahw,Bootleg - Alternate Take,Creedence Clearwater Revival
6Q2Pf2YRnK6SMgwo1hT1ui,"Lover, Lover, Lover",Ian McCulloch
1P4JGWzgGCNnqDHmiNeZ36,Miskolc,Vikidál Gyula
3pSTUZbp7J5jg2JHChTf21,A Menina Dança,Novos Baianos
0PtFTJeBN5KRLOV4pv4xQc,Os Galos,Cátia de França
7FNx7NRHUqW7MrXqsRZswL,Don't wanna cry - Radio Edit,Namie Amuro
6DorpyMPP3ySVvB7CP6q9z,Dæven Ta Han,Vømmøl Spellmannslag
6NnGz9Cmhx3n13I1bW0a80,Dupatta Sarak Raha Hai,Udit Narayan;Alka Yagnik
4Y7A3DIMmFcsn4LOAJjeYo,Del Cardal,Buitres
4939qjyWiWtEJtRMHkK9M4,Unutulur,Banu
2EzJIPJ07fzs1IBbXgGOqV,Romain - 2006 Remaster,Man
3ysUkfcrFwvXweDt0cliH8,Ichu Ichu,Vijay Antony;Sangeetha Rajeshwaran
0FMxHUwc6l3ew3MC2kDKLJ,Mentiras,Lupita D'Alessio
1NWtwWbcoE4kn7hUB1YLJv,Frevo Mulher,Zé Ramalho
0VJw3AQK3iOMwJH9YQkULQ,Cuando decidas amar (América),Bebito Vargas;Prudencio Ramos;Adonays Marin
4XgWfdMfVtOId8jO3y0tnm,Vielä1,Vesta
4rEL8sQRVF3lxQOAEvksbY,フィヨルドの少女,Eiichi Ohtaki
3qvMzSZKWsKpCjtJEHpI6t,"Vagabundo, Borracho & Loco",Ricky Castro y Su Banda Soberbia
4K7RVctw6wgiwEJcP0eWiF,紅衣女孩,Jolin Tsai
7e7i9vFIGKhYWbPQG3TjlF,Larsen,Zazie
4GjUHqKC0sN9mWnnbvObgA,Bony Moronie,Erkut Taçkın
6396ViaekdZrogOPyEzq0E,Hep Yek,Özlem Tekin
7rx1WUOHx5Xhi3liZuW5wF,Anthropology,Claude Hopkins
66H9jPL1TsOrOYVMAwVjCR,Sweet Goddess of Love and Beer,Popa Chubby
18uOr9UhCk5SSOKpCPp9rX,Ek Naya Aasman,Kumar Sanu;Alka Yagnik
33cMcQXZYc9IEtPExQdUVp,I Hate You,The Monks
48RJAYTcIXuBPg55EzbaEq,Stand Back - 2016 Remaster,Stevie Nicks
0t6wMTbQmXdzvEe2nnh6Vx,The Ties That Bind,Bruce Springsteen
4u4T951heqfGONjeKzP32j,Prinsessoja & astronautteja,SANNI
78lNeKyitUWEfePzqyRe7X,Hangimiz,Seksendört
6sti0UCUQQzfmSfzCHHUXW,La Inconforme - Sonidera,Grupo G
0Jibml2CEhog8MPzfphK14,1969年のドラッグレース,Eiichi Ohtaki
7ds98B8y5BQltzC60Gdkri,Long Tall Sally - Remastered 2009,The Beatles
2w9w4MTJjUXXWQXlS0Y2OT,Can´t Look That Good,Marino Valle & The Soulmates
0kTxZHbmjJAEzBIVoV5Bi5,I'm Mad Again,The Animals
6x5NSFuRxyPbI1gYmM4XQu,Porque Tu Me Gustas,El Zafiro
5ws9fKDVBfhQKNvBQAUVAw,Flying Away - Lucati Remix,POOLCLVB;Reva DeVito;LUCATI
5IesbkZCWqaLoRKuoSife2,Hladno prostranstvo,Antibiotika
3Y1W2OroFGmAGFa968nNUX,Penne Ennai Kodu,Karthik
6EXOSA4BWBM1AUsXxKwYDT,Send Me A Postcard,Shocking Blue
6ksWxaEq7DxYwQk8aFH2aN,Send Me A Postcard,Shocking Blue
7EqlYnHEMAusUzHltiBfw7,Since I Don't Have You,Guns N' Roses
3jin8ByZPqLwtDVIiv2Md3,真善美,陳盈潔
5mNeDveh1R8dRPcmyHRm2b,סחרחורת,Dudu Tassa
3aeYcDlH6mSwx7Nx63D7zS,Quiero Que Sepas,Cardenales De Nuevo León
7MFlVxnIPcWl1pNoG10YZC,Moteris,Andrius Mamontovas
0AfliGtmybmdEdHzQ1pfpJ,Unos Pocos Peligros Sensatos,Patricio Rey y sus Redonditos de Ricota
5Xb0Dn08ljK9KvVJCbEeWH,La Alabanciosa,Marino Perez
3CscS4sqTQcfoR8iEm2zQr,Uok,Nasty C
7ixhJwtHWzEQgXfp5UMZAs,Seeds - 2019 Remaster,Alphaville
28oqdbXM30LN4mdZcrUZbq,El ritual de la banana - Demo,Los Pericos
3II7DBmHVbQGAirtN3e0TL,L'amour existe encore - Remasterisé en 2002,Michel Berger
0FS5rceUP4gFVn3sau5XWz,Inte stor nog,Timbuktu
4kuDxJdbP1BcoZXTXLUiLM,Pame Xana,Natassa Bofiliou
3DJun8OOt6ka15XuJpt9Cy,En el Vaivén,Vico Berti
06pr0FZnKZobqisckgHovX,Love's Great Adventure,Ultravox
4HeWJIRhM4TRexM2Y8gvFh,Do You Love Me,Eman Lam
0GkmBolhYrwTpbBCqEXalB,Lejana Campiña,Septeto Nacional De Ignacio Pineiro
3jm4ap6dT5B15HWX5QN60c,Ana Lee,GNR
2VH3ZrH6av4gGEzAkPDUPa,Máquina Del Tiempo (feat. Wisin & Yandel),"Tito ""El Bambino"";Wisin;Yandel"
0jSgIeLRPbP8w3ZffrfPNK,Usando el Coco,Fania All Stars
7C8fxFlyKoU483KnEELcfC,I bin a Steirer Bua,Kern Buam
788Lp6lHrCrxJAZvS2l9YZ,Dum Dum,Salim–Sulaiman;Benny Dayal;Himani Kapoor;Amitabh Bhattacharya
2UsYQNgpG5tjcDoq8Yg0Nl,Bhare Naina,Nandini Srikar
1v2fgeEuzfj1XYAtbfO5kL,Saulgriežu rīts,Livi
6kvQgu9PRR9X2HC9n4feFY,Let's Spend The Night Together - Mono,The Rolling Stones
6RSIomiKcu1Zab09hftLdc,Ласковый зверь,9 Gramm;Alina Orlova
6JzzaXLq66zixh52ZsbUfn,Magia y Efectos Especiales,IZAL
6mW8dzQnTsaCxDn1YGzg6r,Bujtogató,Kispál és a Borz
5M2LFOy2TvzBVU5KCd6N8v,Heaven,DJ Sammy;Do
7fu2KqlLlQQ29hblnVGDP9,Odio,Piperrak
5ZRfTLphkmXIefQPO6MOxG,Madama blu,Franco Ricciardi
5fTyHqmUJmBl2EBZVFkiZa,Det Va'kke Min Skyld,Ole I'Dole
2BPuGATHtSHLud79E6tOQm,Blinded By Rainbows - Remastered,The Rolling Stones
2HFczeynfKGiM9KF2z2K7K,I Just Want To Make Love To You,Muddy Waters
3V3T7sG3hmRUPOCBjMGjfl,Las Manos,Sandro
38lCRshTsoQAm9qLWridjv,Un Beso,Grupo Mania
2BYjpEi7xrBP10gs7zkQYP,I'll Get By,Ruth Etting
2UaEiQ6ajUAxtzHBvVzsck,Arena y Sol,Marta Sánchez
1Hc6IKoMFzRzCikFqLjJLX,Coma Black,Marilyn Manson
6hWuImKdrd2E4fZvUBhJop,Tainted Love / Where Did Our Love Go - Extended Version,Soft Cell
1dzk5fQIYJ3MMmgoRVw2qw,Summertime,Fort Frances
5xq7IuB9VSVFEHJcRxapFi,Den Pistevo,Eleni Dimou
2B9WTMKp4vrG015aBpVAPV,Azeem-O-Shaan Shahenshah,A.R. Rahman;Mohammed Aslam;Bonnie Chakravarty
4f0SvpRpPQk8aYuwtQJnYp,"Beneath, Between & Behind",Rush
1mKXFLRA179hdOWQBwUk9e,Just Give Me a Reason (feat. Nate Ruess),P!nk;Nate Ruess
0ngOm17uOgJJN2JbfGMaVu,むさし野詩人,Goro Noguchi
4MLncLMBDF8wOeOSTK2PqN,Strachy na Lachy,Strachy Na Lachy
336RYdKSG05IxDyu68Bw6e,Take Over The World,Courteeners
40gOMJciBRMc4PuaJjwsvZ,The Devil's Son,Danny Vera
246WMwR20HcgzNva9xw0k1,Andan Diciendo,Ramon Ayala Y Sus Bravos Del Norte
1OJ6zloXEQK593wJfbdQBf,Guajira Moruna,Compay Quinto
1jJGEhcepw6g4rfSfdbnic,The Black Riders & Flight to the Ford,Bo Hansson
0TlpRMJ47GStdntPT08XwE,Cumbia da Praia,Academia da Berlinda
7yYVHaaDrdPZ8uokqn591T,Mila Mila,Anushka
0zpEpdoYYyhBEwgfsxqVVe,Perdiendo el Tiempo,Patricio Rey y sus Redonditos de Ricota
4pAS5SDoxUkoQpk91isv27,Frevo Mulher,Zé Ramalho
0yMKnrafrRbDNYX52PZEAU,Two Step,Dave Matthews Band
2Ou1Hyvr08mr0pZauPvv6j,Two Step,Dave Matthews Band
4zzBhwmZCd1laUNgErXZIT,Good Lovin' Gone Bad - 2015 Remaster,Bad Company
5Sz7Mrdyf43m5h8W5Fyhie,It was a lover and his lass,Al Bowlly & His Orchestra;Al Bowlly
5YcNRftI6kDIbn5rGGhJoJ,Stranieri,Renato Zero
3QtMzmaXaQnHp70RsAZ8rL,I Beg Your Pardon (I Never Promised You a Rose Garden),Kon Kan
2yQ9zlet7YrScw4AInnkrz,Minä ja mun ajatukset,Keko Salata
5N6ExqlJEaxbxuZLTq4ZpR,See You All,Koudlam
650lB7K5gFFUWITxODNd5e,Much Against Everyone's Advice,Soulwax
6ImZYqXgrnlY5gB2FJcJFb,Coplera Del Prisionero,Horacio Guarany
47g7906sLoM40c4QO5bIo1,Þjóðsaga,Papar
268MYoRM1f8rPRoCmW5NAN,The Body Electric,Rush
1YGqcBxzQxMF9ToK99soIK,惡之必要,Jolin Tsai
6vTPzTw4pN6kE7IkrqTSCd,Tropicalia,Beck
57ONHCWA3389ETTAmtUVnw,Šviesos,Ieva Narkutė
3ZITY2B2GFiZInA1axx3sa,Oblatsi,Hipodil
0BSLctqOaDHjuekBpd7cYi,Volvo-142,Mora-Nisse
5gv49y9hIz7arHYzdgx6GM,The Saints Are Coming,U2;Green Day
243h9znlZh2HtvJujXogBR,Neel Gagan Par Udte Badal,Asha Bhosle;Mohammed Rafi
53W0AL4qdOb5IpCxJM4AdE,Red Mosquito,Pearl Jam
7cqSZn61vxGzPuc2UuQC5e,Humko Tumse Ho Gaya Hai Pyar - Amar Akbar Anthony / Soundtrack Version,Kishore Kumar;Mohammed Rafi;Mukesh;Lata Mangeshkar
603rLYXTnO4jTowMQGi6XB,Воля,Sergey Nagovitsyn
6RmOXKDlpKov6BAGxBbQnh,Senthamizh Thaen Mozhlyal,Jamuna Rani
7HIpfuf4IS0PGKV9toU1sE,Neel Gagan Par Udte Badal,Asha Bhosle;Mohammed Rafi
2j23PZZBfDceKtj4ovJWaZ,É Demais,Doce
0HJsaW48EYnIxH627aRHWN,The Body Electric,Rush
7E79T3zsEuzhpDadh0JS5Z,Viviendo en la era pop,Los Flechazos
4f6bE40jl7zuFJ3cOCwaI1,Mi Vida,DLD
3laoLNT7EoRIrdItt64vDr,Little White Lies,Dinah Shore
5ApDuuSwtJEHq5yO5HAZc0,Karma Kameleont,Schytts
23lRu652A2loWGgQHwkPyw,The Birdman,Our Lady Peace
1taY3X7Ifq1989d6eI3raI,Gingerbread Man,Melanie Martinez
0ij4IjHf1J5gEz7vdX6fAk,Vuurwerk,Camille
7s5llPdMejHfPmzspgQULM,Botanisk hage,Cezinando
38qqO9XpvzpJjjBIDYJhMm,SHADOW PLAY,BRAHMAN
1nltrWqyzvm1fnEEl2jXHF,Lockdown Lul - Extended 80's Versie,Hans Teeuwen;Bjørgen
293Fs8RMcK7sT9ai1Opm2g,Di Pantai,The Mercy's
1viCLSJJpmRopmlcvcBLFi,Di Pantai,The Mercy's
2zZg5PKJt0i3SHQB9xmJty,Señora,Jul
0osBITP5sDO4jEFNqquQS2,Sowkiyama Kannae,Nithyasree Mahadevan
7jz3r1uHK7N5b1ywKLf6oL,שובי אליי,Avishai Cohen
4tUCSE7zlDqegdqrGHTPFb,Mandala,Fly Project
2d8poh1ZPx1eGW6V0KfVnA,Tak Dapat Apa-Apa (My Hot),ST12
1YzzVCiTwz6eq7zljzHj5K,Haule Haule (Remix) - Remixed By: Dj Amyth,Sukhwinder Singh;Hard Kaur
0B4CwONj9N8pOSnon3Ksu2,La noche,Alejandro Luzardo;La Candombera
5Y5tt4vidB3G5L3MyhrLdl,Koko kuva,Irina
0jReWc6eb3rpd4Wlf1ABWz,I Fought the Law,The Clash
2bzVknyi36x6RNmDNa9nNO,Heyecan,Serdar Ortaç
5z1wOyEyoRu0HTkXYvuqiH,Raingurl,Yaeji
00NNd1BFzQQzZe4UcvZIzB,Pints of Guinness Make You Strong,Against Me!
742r2XTuPCteoLoBwOPxBP,Half Life,Sneaker Pimps
30yenRTVQNo4DVUgOoznPQ,More ot alkohol,Hipodil
0MkK9ZTCTrs2Xh6d1XTPfp,"Woody's Roundup - From ""Toy Story 2""/Soundtrack",Riders In The Sky
15LfHBNBrTKHGce4SNtOR6,Sztorm,Donatan;Cleo
1a9WADkzN1XHCWJr8Yckt4,Belinda,Septimus
6w6ztw7uViCx89B81b3yMj,The Siren,Graveyard
1wVvqxJprh75ux98t12Sp9,The Siren,Graveyard
00nvL9u5K8jEJ6TSxGdtPK,Me Enamoré,Jay Wheeler;DJ Nelson
5rbjKrHfMvjaXc6gdr5WGs,In The Air Tonight - FB & Zibba Bassline Remix,DJ Makka;2tone;FB;Zibba
1s6qM8Q3oGzKOXJ1Vqjo3E,Tak Tohle Se Stává,Marsyas
5vXCs8T9SXOQi5Wz9iY194,Livin' on My Own,Ambrosia;Michael Verdick
0QhS0O9fqH5ic2YwQQR10G,Barlangba Dobolok,Kispál és a Borz
6uAoFqSLH9UjCPn4yo4HMh,The Life of Riley,The Lightning Seeds
4WZQsmJCenhk03iOgWLv1J,Tevrede?,Fokofpolisiekar
58oT9wQPpFfQnq5hGBppbE,La Belle Epoque,kent
3ThX8dbgI9ujSlRLFR7MuQ,Alltof Hratt,Floni
6gHi4aIeVhT9EbPez4z5cG,Devil Dance,The Merlons
58XhcFQrXs9D0abTNQ7GPz,Mirah,Dingo
5RWtavvzuKl4zF3WqpQZER,Tequila con limón,Traditional;Plácido Domingo;Bebu Silvetti;The VVC Symphonic Orchestra
3557eOoPsddlBICYkQ5NdS,Зелёные волны,Zivert
5Aa1oLl7GD6zmIMtu7v44f,Buloy,Parokya Ni Edgar
2NX10XrdV9oWNQBu7oiiWC,Karma,ALMA
0tzKyOcYe78OXSdZPWimaJ,Fool - 2012 Remaster,Robin Trower
0l5PzF6PwMe4zPJs2MxlZO,Bir Sevmek Bin Defa Ölmek Demekmiş,Barış Akarsu
6GcLEn0G6MK41IWus91jXg,Always Alone,Johnny Cash
0mrizBl7jPZyjqCeejXf4c,God's Song (That's Why I Love Mankind),Etta James
64eHq5xX4tMnDkSIikz0i9,Les portes claquent,La Grande Sophie;Nicolas Ly
2qyoxnlkk1PCdK1msb4hak,Ein Hotdog unten am Hafen,Element Of Crime
6cSebKKs6pJKrgVuBI1WqQ,Manasanta Mukkalu Chesi,KK
5L7ycemX7FcxdEfo4tErFk,Mas Alla De Tus Ojos,Dread Mar I
6usB9EGKLjJ07xUyUKBhMY,(I Know) You Don't Love Me,Ike Turner & The Kings Of Rhythm
6yQz0Tbh5Bg1XHxJMx0t0H,Nen Var Canım Kardeşim,Şenay;Yonca
6nazrttF1K9tmyuqhDU3Q0,[sic!],Hey;Leszek Kaminski
5z5QLVEwy3wjKxqkY7PLDf,Irie,Katchafire
5SAIs7VvtE7GedxG1dHrgq,И ако някой ден,Емил Димитров
5VcZA4qFJU0FB0P5Yde7Yf,SO LONG,Masayuki Suzuki;Yuka Kawamura
6GZIAyr7EcWksEAhrDuQYc,Ode to Cosmosis,Myka 9;Factor Chandelier;Abstract Rude;Freewill;Moka Only
3XLSlQLJf3Ut0zvMUxnF1h,Houstatlantavegas,Drake
11IS9sbmnAqSdLQaEvZGbb,Just One Second - Apex Remix,London Elektricity
6heyQdo27FXSVTR0VS5F5H,Journey to the End,Windir
4evLq4XYyGXPNZUpXWI8yj,Penny Lane - Stereo Mix 2017,The Beatles
352FuGmGJClPjojSYjNrXG,Já Sei Namorar - 2004 Digital Remaster,Tribalistas
5wtEbkf3c9NKMssv7nGuI7,Love Me a Little - 2010 Digital Remaster,Dizzy Mizz Lizzy
5WtWwIJjnK1eWr77I2uymz,On the Beat - Extended Version,The B. B.;Q. Band
0ibuggkWTSDXHo25S0Qqvj,Hallowed Land,Paradise Lost
04NPyFQhJ5b73JqZwZLTDW,Seis Chorreado,Damirón
2XJkIVrqHZxjP46GtAWkJM,Perico Macona,Angel Canales
2Nc6VRD7VOJ0MAyNNXT9ga,Zúmmi,Skoppa og Skrítla
36eYUQTBgYkKGTjSPy4SnD,Why Baby Why,The Cats
5MfsWXtJQLpCrw0dTQYn2E,Кольо Фичето,SkandaU
5cjCKdqKGasYkxmLgKgBQe,When Will You Be Mine,Average White Band
6RxuNstP6mfvsd2YV91nB5,Everlasting Love,Rex Smith;Rachel Sweet
5rr7X7myaqlPOV8Ud2LwLa,Asesina de Amor,Afaz Natural
2UI4siFbFGTMXUaFBnBfGC,Religion,Elton John
1BaRHvWwWiIkZwj99LbrLA,Quiero Hacerte El Amor,Tito Rojas
6RL1Vz4pAMKijWPV3n20xy,ABC,The Jackson 5
6NL7zMIhzUi3bHaF8usk8W,Faith - Radio Edit,Blasterjaxx
2vNAmlb2PnRATvD5AUiTGz,Thrash The Trash,Arakain
6JlnMdYn2xUmhMNb4LuZM8,Oprócz błękitnego nieba,Golden Life
4MhSuHyAOCh8TBBzVXio7g,Stand by Me,Flemming Bamse Jørgensen
6VCAUpeKXJrvcpV93RIGne,El Baile del Sua Sua,Kinito Mendez
2dlVjm0Hjdz6bTkNMjzkt7,Faryaad (feat. Karim Fakour),Anoushirvan Rohani;Karim Fakour
2cAcVpFPZE6vtpc9ADb3Ty,Milagro,A.N.I.M.A.L.;Chuck Jhonson and Juan Jose Burgos;Richard Kaplan
1ViKLZDmJBhQRWFCs3xxCk,Simplemente Gracias,Ala Jaza
28BJuDN5yTvb4G1BXN90Fi,Dokola,Sima
4vijhBXpP1VROJzCC8ht68,"¡Corre, Corre!",Leño
2zCBQc3YCBUitY4kjJrjET,Al Salir el Sol,Buitres
43wRm5NYrq37jjosb281eE,Huzoorewala,Minoo Purushottam;Asha Bhosle
7tW8GsSFtU4pd67nJ2rcwo,Nāc Dejot,Linga
1FIB7jJLLR0ptyUTVwrV9c,Oczy czarne,Traditional;Marek Tomaszewski;Waclaw Kisielewski
109kA1WbxEGMQigpzTPoTJ,Kır Gönlünün Zincirini,Orhan Gencebay
4adKLFyEZa0VWHrJ8aJ0wy,פזמון ליקינטון,Baby Oriental Ensemble
0MPmZYqQIwDLWl7DUt0Y72,De Parranda Con la Banda,Los Razos
3EHUPsG4H9cEKhCGPBakG7,Hong Kong Blues - Original Mono Version,Martin Denny
5vHyWEoEyIJT5RhR1fcN7y,Too Late For Love,Def Leppard
0oQV0kZorTu9fYURkuKYq8,Too Late For Love,Def Leppard
7fzfB4SrEMaEXZ1i6ISYKc,Levoton Tuhkimo - Remix,Dingo
5FYL9s4ojTLw3SzLOVsW64,Levoton Tuhkimo - Remix,Dingo
3JCz3RYG6psLPHrW5ZF1wg,Mundo De Quimeras - Remasterizado 2007,Soda Stereo
0XCmBIArys5KiK24NTrkwG,Tus Palabras Punzocortantes,PXNDX
0aRpkN7kqJKjkzxv6ukKLI,Rockin' Daddy,Howlin' Wolf;Eric Clapton;Steve Winwood;Bill Wyman;Charlie Watts;Hubert Sumlin
1bGVKqOMDcEmYUtuXUKaIs,Yalnızlık Senfonisi,Model
3CAX4AYhYInX66uNKWCt9n,Yiğit,Hümeyra
6hWO05CFzbcnOTMnTnfl5W,Rocket Man,Me First and the Gimme Gimmes
1I7arMzqZe0nxd9TfkG0Dt,All Night Long (All Night) - Recorded at Spotify Studios Stockholm,Benjamin Ingrosso
0HWz4W8KdGYhfP7SCoc1CW,Music,The Beautiful Girls
13jO52N4hQGFXe4XYKnDRZ,Ain't No Love In The Heart Of The City - 2003 Remastered Version,Whitesnake
30t2cItUPY7CvZOup7zptn,Ham kummst,Seiler und Speer
3iyEFoOWdVRtxAUuiSWj0B,В Круге Света,Mashina Vremeni
68ZeNG3zFACLGyj3LaLKzO,Dog Eat Dog,Ted Nugent
4AzOfkNxCSuuxOvqDxrLA4,A Change Would Do You Good,Sheryl Crow
52Hkk9oMCuHrn45qEL36L2,Thanimayilae Inimai Kaana,A. M. Rajah;P. Susheela
3a7j15ZYI9PfLSwzYTqmqE,バルセロナの夜,Motoharu Sano
5jUlSz9NVgycqVVgCY0ZBt,É Bom Evitar,Ismael Silva
0W8w3vuHV4jucNnuH1jgTU,Psila pou pate poulia mou,Rita Ampatzi
4OOt8e97uFjXd63z6Q26cK,Thanimayilae Inimai Kaana,A. M. Rajah;P. Susheela
4mH6UBtgnFdjeBlS8HRIUX,Love Is in Control (Finger on the Trigger),Donna Summer
0Epl79nHvdyTdZRAiWpJah,REVOFEV,Kid Cudi
79IzktLG7WKizZmtGSpqlw,La Zafrera,Mercedes Sosa
28IGNpjAGl25bJwWgyl9kN,Lady Stardust,Lisa Miskovsky
3mdMv1VMn4MrZA45tgMu3A,Zuby Zuby Jalembu - Aa Gaye Shukriya,Asha Bhosle
2h1CBp333Mx5r2HsOvHxtH,Gajje Ghallumandiro,S. P. Balasubrahmanyam;K. S. Chithra
5PeuonFNFPKyaQ3RVCoMxd,Лучший парень,Ruki Vverh!
241yjd6T5zC6zjqPuo6QHK,ตุ้งแกวด,มาลีฮวนน่า
76XCLlTwCYYaqQ9aru4yLB,Jumping Someone Else's Train,The Cure
1W9yaZusQXOk0ieFYsiP2E,Someday Baby,B.B. King
5KLlBpL2GM86KCL0T1jyNw,Любимая песня твоей сестры,Poshlaya Molly
1wrbHKZ4T1nmYvV2tmnCLY,I Love Your Smile,Charlie Winston
17hqX08GS41mq4QbRnRpVz,Pawn Shop,Sublime
1P83JLGQz1XXCJ5hTMGRMY,Driven By You,Brian May
5IroSBKntwqpabjXxvyEpJ,El Tema Del Apollo,Eddie Palmieri
2SvP6VWIoq4CQ2IbdZEmcU,渴望,Aaron Kwok;Kaiel Chen;Zhang Yong Fu
1pLVv5izG6cj2GiQdsEreq,Mama,Brenda Fassie
17Wmn3YQj1qe5gvemn0A0f,Calla Corazón (A Escondidas Te Amaré),Karibe con K
7ixCRBD0FZMRBeOBhTu2KD,La grenade,Clara Luciani
5Wtj1wQSr52bnHxnxdtTdc,Landet,Marie Key
0JRYUKgoq2FL74s0fxzMXt,Cuestiones De Amor,Sonora Ponceña
75jSpwHDakoTAR9oZwU2mI,Sonnendeck - Schallplattenspieler-Fassung [Ekimas & Proppe Remix],PeterLicht
6nJi2wdbnVaMKCWoeHbMni,Bawa Daku Pergi,Ruth Sahanaya
7kZ94xnI2y17yHNX5Z6E2g,Mississippi Way,Eddie Meduza
0CQJNtzVBt8BGgneJ1dAhI,Лучший парень,Ruki Vverh!
7e76lQ3YBwyO4LgaUabYrG,A Change Would Do You Good,Sheryl Crow
2XSeh8lxCEP3Tj2i5Jlz8O,Sidste Timer,Sivas
0gOloXVox0hwdtty5VsCfS,Sidste Timer,Sivas
3YqlnQEyawncmoFW4YTMJS,Sana Luma (Thats The Way Love Is),Zola
73qbBlEAcm2HfnAaSnP1II,Say OK,Vanessa Hudgens
2aj9BZIcNgKCuzZGglkfLL,Moonlight Chemistry,Jeff Bernat
7MbTsFHOD7jgKzjdiqn4yx,Låten smurf (Boten Anna),Smurfarna
4MQlznXM7wXIU4XWibYGAz,Se Va Warnes,El Kuelgue
0kFPDmoDMu4dpVCvTeuMSl,Prende la Vela,Alfredo Gutiérrez y sus Acordeones Dorados;Nacho Paredes
7bbgi0FMsocW6WW5a4NBMT,Cuando Me Quieras,El Combo De Las Estrellas
3WaRG5kgUFXpnD1vzkUEN8,Don fifi,Domenico Modugno
1ND31Ng8p63TSfLVjfnYcS,XL,Nil Karaibrahimgil
46KDHRN2dP5PS3YOSXg2yh,ดีเกินไป,Smile Buffalo
0cHZjIZoFtLwkTrqxGad5V,"Menea, Menea",Junior Klan
0M5DsReWOOEi6DSTRIWYbK,Mimi,Nat Finston;Maurice Chevalier
6aSZQVeVr2tNQiFVoWsVTl,Bärande våg,Adolphson & Falk
0jTsODpz9AXkZGifBXRs2U,Feel Like dance - Original Mix,globe
54VXox4QIaPdRvE5WywENn,Capturado,La Dama Se Esconde
3EGF6ArVdwduo0rGzoRma9,The Mirror,Dream Theater
34x84kiFbL2pdwlGT8BYcd,Sólo una Patada,Ramon Ayala Y Sus Bravos Del Norte
1g9ug4uU0UPPw5aksdPqLL,Corail,Julien Doré;Juliette Armanet
2apgQfkEINNSkpu264RVYq,Pimeyteen,Mikael Gabriel
1gDAWXx0SviMywx5BliYWP,Purple Teeth,LANY
5eoNzwCvkKQCQczWVl5N7f,We Come Running,Youngblood Hawke
3hEhLdtW2hqNYLatBcg9wL,Грязь,Aria
1rEqGk6XDXRc1CwveGqeJ8,Pilvissä,Pariisin Kevät
3I7dp4d9Dpy4U3nA8Hsr5c,Kifak Inta,Fairuz
0ZtTGLdexDWpjk38eqTMGx,Los Hombres Del Rio,Mercedes Sosa
2zLWSkoaOwWDvSYk8iI6CQ,暗戀,羅大佑
6GatnDEhYQLOdRzdVbJaky,Her,Majid Jordan
4gND7GAB5id3SVVhSYaaxU,Cumbia Sobre el Mar,La Delio Valdez
2Zu8yf6zldqSgerpwvNkL9,Ikävä lokakuu,Hausmylly
56CDG1UHjl5n0bQLKYVd4E,Stworzyłem piękną rzecz,KAT
2KQVjGIC1lNy47ZFJbHesF,LOVE & GAME,Kyosuke Himuro
2qCq58lOBdLZKNGk6Zpkvm,Affet,Müslüm Gürses
0ikRchpmFlaqlzLRgu9qWk,Affet,Müslüm Gürses
5muvgRZXDU9DBmKcOolqkw,Corleone,RAF Camora
3LFSRCWvSgrfCKn5QjHMnw,Purva Bridējs,Intars Busulis
4SLrQ0Jzjv10wAqNorop99,Gelido,Alex Britti
51ctcGQihkbzTl7Aq0h0gS,Kalakanidi Viluvainadi,Ghantasala
7xs0TdyMEtOcBtR4g6bfy0,估計錯誤,Nicholas Tse
4OvQsAObGMF3dpkCV6DZzb,Hanging Around - 1996 Remaster,The Stranglers
7ICIepwspuiSKeFa2hAq5i,Yalnız Kalpler Sütunu,Teoman
7a90gal9tr3yS8bEXUvu8D,A Song For The Lovers,Richard Ashcroft
1bAoZapWlOzrUJjr0XW5zq,Farther On Down the Road,Joe Simon
6lt13VR9ych5LXFJiU9jFX,El Obrero,Picaflor De Los Andes
1x32iDTg1EDN6n2jYmk1y2,Quiéreme siempre (Love Me Forever),Paloma San Basilio
78TNYX7zJBWs86JGWBXmdO,Jamás - En Vivo,Jambao
3Q7ps56omB24P5ClK5Thhv,Lugares Comunes,Virus
7KwJrAQMoJyUEBes3evMLv,Orpheus Under the Influence,The Buttertones
2hbx1aFIVShpQyzwBG9Xf3,Chiquita Linda,Picaflor De Los Andes
7td3robG0XWlTgTQKQrtcP,ציפור מדבר,Eden Hason
1lsrFXgDqIGhtKXuuQzkqR,Bring Down the Moon,Boy Meets Girl
3RoeJlbWCaYNvfQWcXm9bM,Gravity,Shapeshifter
5N9WILhxABMfPnBI1ZZuuD,Da Frame 2R,Arctic Monkeys
4renR4qHSuEPMtuvbKirNz,Mi sentimiento,María Artés
2a8RVoWJUicF6nwBaiBYIB,Shuffle It All,Izzy Stradlin And The Ju Ju Hounds
7d8Kyziwu15bBujCgiKlhv,Me Fui,Las Pelotas
