3GJrYP0O6id9HzHR5BpeEU,Roman Iriarte,Grupo Laberinto
59cFk1sPtS75Bl9YvnAaZJ,El Zorro de Ojinaga,La Arrolladora Banda El Limón De Rene Camacho
2fByZmiyIV7p74xjX0QyiM,On ne voit pas le temps passer,Jean Ferrat
4Tf7i0IKCgVldL3AW23m5Z,Les coursiers,Said El Ghamidi
0wY9ImrsEIYRWEL4Nv3Xdn,Sem Saber,Mauricio Einhorn;Baden Powell
7od65spylYdIoKpTUeTup8,Sevemez Kimse Seni,Zeki Müren
4KvC7KRxy5R1tiZQvCX6QV,Cascos Ligeros,Alejandro Fernández
6HAcngnAkOIgpfU0jGsXri,Cha Cha Linda,Hermanos Martinez Gil
7lMx1y8Y2mCsMWMyaPHRYU,Saute-Mouille la grenouille - Version vocale,Marie Henchoz
41cjeUIOfciUEWkdJ6uqRC,Harari,Harari
2RzAxW10epmnCrH4wMFNDd,Otello / Act 1: Esultate!,Giuseppe Verdi;Mario del Monaco;Coro dell'Accademia Nazionale Di Santa Cecilia;Orchestra dell'Accademia Nazionale di Santa Cecilia;Alberto Erede
0n0nogGc7owOvKgtasREiK,"Symbiosis, 1st Movement: Moderato. Various Tempi, Pt. 1",Bill Evans
2LUO5LXOkc203WHFvgtn1Q,Kara Sevda,Ezginin Günlügü
6NgmclquCwncFXXB9JtKnS,Cleo,Ivan Graziani
64lDr5RTKSCZV0YeK2Vfdp,Zaz Zuh Zaz - Remastered,Cab Calloway & His Orchestra
3S6QSIx3TsWfzYBQphAX91,Just a-Sittin' and a-Rockin',Joe Williams
07Zvu5zcBVlsWubfGEuTuO,Enjoy Dancing,Instrumental Jazz Music Ambient;Restaurant Background Music Academy;Instrumental Jazz Música Ambiental
2mqxF3yV5OTFxpAg5QITDp,Guajira,Al Valdés y su Orquesta
5wiJrkz3ykFXvfew9OreEd,Cascos Ligeros,Alejandro Fernández
2xPe2BhzJQ52xECBxWhKLT,On ne voit pas le temps passer,Jean Ferrat
79o5U3h3K4cqRCQs96rmXh,Hay Que Saber Perder,Antonio Aguilar
1KqHwxXgamsKDEU3cVIEEK,Gema,Javier Solís
49T9pCYlpvtGd9ugZt7DSZ,If I Could,Jack Johnson
7rMPj6IZQGoLT75rC8m1m3,"Wildflower - Live at Hammersmith Odeon, London, England - December 1973",The O'Jays
5aQHn6fYk6RnPh0CgOtQ5P,Hurt So Bad,Willie Bobo
1IU4Tq9toArBH7dincawc6,Uno,Roberto Goyeneche
1iGWfE0EdRNkmhetMqNatW,Mas Amor,Eydie Gormé;Los Panchos
2R6SJcSZqdl0Uqklh8Pj4Z,De Nozem En De Non,Cornelis Vreeswijk
5AW8QulmhCeGiuht0nNNOr,Too Much In Love to Care,Nina Simone
13uYlRiYLcpRSDRM2xcikA,Yangın Gecesi,Ahmet Kaya
5mJQ7n3B1PAGCNFuIRWWV4,It's My Lazy Day,Merle Haggard;Willie Nelson
7mnigTYlu4UrWxPUu19mxl,Habits (Stay High) - Acoustic Version,Kelly Rida
71KxiaF1PwpL8CKbGiGFHL,Río Abajo,Daniel Santos
1LOWZTftCTpc7etmjD4q2d,Rough Ridin' (01-04-52),Ella Fitzgerald
76gCa1GGzpXIBiK6nT3uHR,Contigo Dios,Lilly Goodman
6IKoE1DlvzdGfzUS9QQaVP,Hard Act To Follow,Billy Lockett
3hzoEdK3kiHmv80AlgzJxA,手下敗將,Jade Kwan
1OeyUaxsSWYqJEzH81X3ue,Hammer Horror,Kate Bush
4fuqRwlzd3X1Ui1zUTogAn,Fado Varina,Carlos Do Carmo
6YEn6IFITws8dOqOip3uFR,Çoçuklar Gibi,Mustafa Kaya
4J0gzNGcRXRQKaN5VUnoTQ,Momento (Uma Espécie De Céu),Pedro Abrunhosa
0Ve4oGTSUWePrsrgp0GoAw,The Evil Villains,Tokyo Disneyland
4GbY2teBv8xD10TkPOTopk,Canzone Delle Colombe E Del Fiore,Francesco Guccini
5dg1C0ZZ87QL4dZCfPI2z1,J'aime les filles,Jacques Dutronc
3EaQ87KQsIIrYJ2Ei6ez62,Du er min bedste ven,Otto Brandenburg
0EmEvEMiEFqBdKr65PwN6Y,Rocking Alone in an Old Rocking Chair,Hank Snow
74HUSKk0d5myR3C8vkOWxa,Bambo,Balla Et Ses Balladins
02oCMVABdBGYUUlAr5O1b5,Maluj Zase Obrázky,Hana Zagorová
1eUtyz3sWA42VYsiqbfQoZ,Lay Me Down,Sam Smith
3inlI2M9whnsY183uxlGNs,El Fallo Positivo,Mecano
2dJ8e2YpdHaw17qW46fkax,Petrouchka - Version 1911 - Scene 1: The Shrovetide Fair - The Crowds - The Conjuring-trick,Igor Stravinsky;L'Orchestre de la Suisse Romande;Ernest Ansermet
0pIcavpnI5CfkwyHztuBlb,Power of Two,MYMP
6UQTEE4dIYk88qvjy6yIJp,Let Love Speak Up Itself - Paul Heaton Version,The Beautiful South
5EtrhpDnAWvAVabhnnX6DR,Ain' laulaen työtäs tee - Whistle While You Work,Harmony Sisters;Dallapé-orkesteri
33Cjw3758iNxV20YrU2hvO,"I Wish You Love, Pt. 1",Joe Bataan
6oqAgo8l8D84znPDhMjreM,It Hurts To Tell You,James Brown & The Famous Flames
3LYXTv0JJZRzUBtswVxDmw,To Love Somebody,Roberta Flack
2afGvWjQF64wYYyIFsBuyW,Pozdě na večeři,Nerez
7JSFmf3QFyp0LPXcAl3clc,Mal-Me-Quer,Nara Leão
3DidollV31vFF1F4tNwz1N,יום הולדת ל...,Yaffa Yarkoni
6gwhLRiUACnJYUrWRTWdlD,I Was Doing All Right - Rudy Van Gelder/24-Bit Mastering/Digital Remaster/2004,Dexter Gordon
2XyclPmuVL75hgeJo6B9dK,Valoa ikkunassa,Göran Ödner
4zVM0sMdUOH3BZla9dvffR,אהובתי יעל,HaGashash HaHiver
5cqJpOsZzpE2q3TNdqzlJh,Słońce Moje,Human
7s9J3C5WIeBBqzDmFBiGp6,En Vennilave,G. V. Prakash;KK
2eKAwyrywncAV786a8i8is,La Virgen de La Macarena,Pasodobles
7uxmsieVovltullEN2B8QU,Wipala,Gonzalo Vargas;Inkuyo
1yT7IFaay1CR84vLGVUWtD,All the Bottom Ends,Valeria Boccioni
23TUGA7oaOeZQVkmLYLeeW,Down At The Landing,John Lee Hooker
2tpTmXd2NnksVZs4GXfs1h,Girl I've Got a Date,Alton Ellis & The Flames
0cqLFzFYsQurUI3McUZkLg,Wonderful Life,Katie Melua
3Nbj0AcQ5OBXmNfhx3uwFP,Madame Ivonne,Armando Pontier y su Orquesta Tipica
4X0VSTUogW5P7cjx76ADN7,Akşama Kadar,Mustafa Yıldızdoğan
4F6gLdFNKuR7VnycjDIy1Z,Chanson De La Petite Fille Dans La Chambre Vide,Jacques Dutronc
1S3aNCXOAVej9bAYhtIlAB,The Pajama Game: I'm Not at All in Love,Richard Adler;Jerry Ross;Janis Paige;The Pajama Game Ensemble;The Original Broadway Cast Of The Pajama Game;Hal Hastings
4kEx4J2we86jjCUWIQRI7E,Rag Bhairavi,Sultan Khan;Zakir Hussain
0mkXmnRjdD7GsjaRtVaGBR,Plancton,Franco Battiato
2e5VFlZVUP5AiWrGrLm2ZI,Zayed Al Wafa,Ahmed Bukhatir
6DaExxnrF56oEF0qHR3Izl,I'll Remember April,Sonny Stitt
0JaSsBTowSCK0PhS9ZAHk9,I'm Happy When I'm with You - Mareka Ana Au,Pepe and the Rarotongans
3Q7Nnhld09pDRtMvI5JsM1,Lucky Thirteen - 2015 Remaster,Bert Jansch;John Renbourn
0SpCMt48ndCDZnIxJCCVbF,Pa' Lante Otra Vez,Tommy Olivencia y Su Orquesta;Chamaco Ramírez;Paquito Guzman
7lALY76OPYgLBPraMogjhJ,Come Rain Or Come Shine - Live / Take 2,Wes Montgomery
2e25wcwFrsRxEa6QFl7X4U,ซ่อนตัว,Mercury Goldfish
5NuBYjS5jBerRMuDv77VHL,I Will Survive,Eldissa
1DpXcE2RLwPBBzLGTOkiI1,Pilsaþytur,Bragi Hlíðberg
3DB5cok0icynOC7wj1AQuj,งู้ยยยยยยยยยยย,Oat Pramote ft. Urboy TJ
4gz5HLt0uC7KcXwVTRp58r,Остаряваме бавно,Богдана Карадочева
0SAbqYwLNOMpkJTWkT5ZHW,不後悔,Jacky Cheung
6LXJkBaMn666YXF1j1rBdO,Canto de los Flores,Santana
4fmaLmdzg55Tp8WqcCHxD7,Ev'ry Street's A Boulevard In Old New York,Dean Martin;Jerry Lewis
2MERXZd4Ww4RiZF0PO79PT,"Violin Concerto, Op. 47: II. With Simplicity and Warmth",Louis Gruenberg;Pierre Monteux;Jascha Heifetz
7HHbkK1bBvWwrDWpxtFklh,Svallvågor,Jan Johansson
42jBmDWtXI0dEhAcGubGvi,Dancing In the Moonlight,Bossa Nova Covers;Mats & My
7hU22gIgAdSqZwbDTIUYlR,"Short Tales of the Black Forest - Live at Warfield Theatre, San Francisco, CA - December 1980",Al Di Meola;John McLaughlin;Paco de Lucía
0HYaKby4vfiRLCmBrMPVrj,Boris Godunov - Musical Folk Drama in Four Acts: The sun and the moon have grown dark,Modest Mussorgsky;George London;Alexander Melik-Pashaev;Bolshoi Theatre Orchestra
2Ifuc6daF8s3xzYcSTIzoM,Tickle Toe,Count Basie
3jkbbG3Y2otnG7nhL3zaOr,"Bach, J.S.: Brandenburg Concerto No. 3 in G Major, BWV 1048: I. Allegro",Johann Sebastian Bach;Anthony Halstead;Hanover Band
1lYldGDNTxdJyPMOIec7vb,99 Year Blues,Hot Tuna
1mhg8NUbxdWzhWpF8N2m2O,Fragile,Cassandra Wilson
0D1e9lMNz0rmZE7SR0zfkm,Llego con Tres Heridas,Joan Manuel Serrat
3v2CzN53vF08oPJkdBNSEH,La Pasto Verde,Jorge Cafrune
5c4J55Ocjs4HssDGRHL5Pu,"Brandenburg Concerto No. 4 in G Major, BWV 1049: II. Andante",Johann Sebastian Bach;Kammerorchester Berlin;Helmut Koch
486ayGuRxqXXD8BL9M0zqQ,Ísland,Spilverk þjóðanna
7LRNBqGinZjZwe38dbfOXo,Things Are Swingin',Peggy Lee
6MK4Omudz4gPzLCgvTXOXs,I'm Ready,Muddy Waters
4b2tA6Gp4z7YdNQnR6wyNN,Камчатка,Kino
5shrLk2DxjyvecIzJXSKoY,A Paris - Récital au Théâtre de L'etoile,Yves Montand
4ITmq5Lio19eLO41piD7zu,Egyszer volt,Klari Katona;Locomotiv GT
26jlqxvQzafdsxZKVECqra,Malý Velký Muž - Dokud Tráva Bude Růst,Pacifik
1yadEObUBO5PvW13GvGKbu,Sunt Vagabondul Vietii Mele,Gheorghe Dinica
1wUswGGGu9xY9yNwuzx4s0,The Adventures of Barry & Taane!,Anika Moa
3yklFWiJiKEmVCLmPGzYvL,It Don't Mean a Thing (If It Ain't Got That Swing) (with Duke Ellington & His Orchestra),Rosemary Clooney;Duke Ellington
7L9gltLXxyHTQ3sLm7LKom,Oh Lady Be Good,The Count Basie Sextet;Joe Newman
3Dv36hKw0cOYFwlFutgcs0,La Pascua,Conjunto Vallegrandino
5C1zrbkEKasNrE3qP8vs0T,Our Love Is Here To Stay,Johnny Hartman
5ihy1mBbhX69spcUNIWQBK,你還愛我嗎,Jolin Tsai
0fBY6ZW222qX1O5W80FOEU,Stan's Blues - Live At Carnegie Hall/1964,Stan Getz;João Gilberto
45gpJxviKRBsQo1lDZ03Xf,Jardin d'hiver,Keren Ann
1TXfvY17dZXGNTifTAz0nO,Die Meistersinger von Nürnberg - Act 3: Sankt Krispin! Lobet ihn!.....Ihr tanzt,Richard Wagner;Anton Dermota;Vienna State Opera Chorus;Wiener Philharmoniker;Hans Knappertsbusch
6eucoECIWyXGvq8e4arU7s,ทะเลใจ,Carabao
3GmbJBUP58T29bex3SZYiJ,Caillou au zoo,Caillou
5aIqufqpEFYY9sBoykBQfG,Голуби,Sergey Trofimov
2jdUEHYB3rf1JynXFKltQH,นะโมการะอัฏฐะกะ,Ocean Media
2ggaQJV9jcN2dJt8BMV4SD,Break It Right,Emelie Hollow;Ruben
0D8nr9SY08YuwQB7Vp1Yiz,Of Thee I Sing,Stan Getz
5IXdWW0AjzYNuN20s4nD02,Jingle Bells,Willie Nelson
5uQQsova6woMSkkLEjrAdS,Maijan Karitsa,Satu Sopanen & Tuttiorkesteri
3Uypwg0k0OSEV0X9B04lJb,Desa,Iwan Fals
0UsdtLayy7SqJ4rUsDMRk8,"Perhaps, Perhaps, Perhaps",Doris Day
1D2rNrzG4x1EfQHCSgiVB1,"Perhaps, Perhaps, Perhaps",Doris Day
1a6brnGIsrG0c5azJ0xKq8,הדרך אל הכפר,Rivka Zohar
2OlfYTTY1IP8LdiZsohkkQ,Fila La Lana,Fabrizio De André
1R7OaZSi8gazDJnjBWUXK5,Besoka on Salsa,Manu Dibango
1IWR45a70faZVTduyIRpG9,Put On Your Sunday Clothes,Jerry Herman;Michael Crawford;Barbra Streisand;Ernest Lehman;Lionel Newman
0BZuoOtxZbzj4WvV9Lavym,Winter Wonderland,Tony Bennett
6Npuk9ZJPR0d6SHnvuyvhe,A Treinta y Tres,Los Zucara
4Weq7NHF6XL9tTAyOMq52m,If I Didn't Have A Dime (To Play The Jukebox),Gene Pitney
2fdKLvlT5q25EIcoBJ8Z2n,מכתב מאמא,Chava Alberstein
5r3eb82PhceV7HFqS6VpEt,La casa que vull,Lluis Llach
54HHOTVScOTRVmbHcQpteJ,No puedo vivir sin ti - Versión Banda,Coque Malla
7o3KvIdRbTLr7DvxMlz7TJ,What Shall I Do,Tramaine Hawkins
0bgczRLTOeA73ZEb1P1jhm,Oleo,Phineas Newborn Jr.
5Ntp3mTQr83mv6mzjppocZ,The L&n Don't Stop Here Anymore (Live),The 1937 Flood
7uMw6xRsYGl92iDIhg5B7U,Tak jsem tady,Vlasta Redl
6OGHWZjjKSCiO0KY2IBvn5,Kuningaskobra - Snake Charmer,Onni Gideon
2sPYMwKLE37feNNdwDcYpL,Some Other Blues,John Coltrane
0y2o7dAfm5LLRKzvcplRhe,Lamb of God - from The Young Matthew Passion / 1983,Johann Sebastian Bach;The New London Chorale
0ESIjVxnDnCDaTPo6sStHm,Till There Was You - Remastered 2009,The Beatles
3QrkoZ8SxfZaZcrgmStRfT,Í leikskóla er gaman,Hafdís Huld
0gctFhy7ZomaBNuUrFnjrU,Lungs - Live,Townes Van Zandt
2MhDOifnf7zQkZiupXsGOE,"Excerpts from ""The Six Wives of Henry VIII"" - Live",Yes
6sr6tadLG0qVN67ICK2Ali,I Anamnisis,Petros Anagnostakis
3VrcD46eXNQ1l326guhmpC,Wehiat Eineik,Shadia
59NUDGoqrzHmhm3RyTVK56,Apenas um Rapaz Latino-Americano,Belchior
40L6EfU7k9cC2ykstGVSCV,Viņi dejoja vienu vasaru,Imants Kalniņš;Menuets
5yFNkBdQTPTmLXaAcpWcrr,放阮離開,鳳霞
3epoXAiHgoFCO5kB6jNz6v,Freiheit,Pete Seeger
4MZbEMEuUodx6dhSeyxrXf,Ponnaana Vazhvae,Thiruchi Loganathan;M. S. Rajeswari;Jayalakshmi
5GbvxoKK5oYVRzm0O5wqUD,懷念的播音員,林翠萍
41QOF4wcH68dnQlFS9vRHZ,Daahoud,The Ray Bryant Trio
3yczcQ06p8YXIhymUZQQAg,一個人,韓紅
4tSY2oSX8fdedowKjFYWJH,Sunday,Ben Webster;Oscar Peterson
4KxSVz2ckytVobzXNsEeHG,I Don't Know What's Happened to the Kids Today,Labi Siffre
3iVC5Ek6apjGlxOzP3p0MM,Ponnaana Vazhvae,Thiruchi Loganathan;M. S. Rajeswari;Jayalakshmi
0a545c4gOsyYupVvliDOy0,More (Theme From Mondo Cane),Frank Sinatra;Count Basie
4Q5ZBv6nYPTIRXIFGKMajb,Grasshoppers In My Pillow,Lead Belly
7d43jBR2mo0kcKcrO2Hg4S,Blue Rondo à la Turk,The Dave Brubeck Quartet
6oVhL0lLUMswqSV3VcKwJO,So Far,Ólafur Arnalds;Arnór Dan
6TOn9XAxHayuc82qT7u8US,Si Nos Dejan,Vikki Carr
6ppFbtHkHDn3c5LFUf15Nd,Mohabbat Ke Maron Ka Haal,Asha Bhosle;Mohammed Rafi
33jLVhzr1MCsrd29e2xej9,Dixie,Daniel Emmett;Mormon Tabernacle Choir;Richard P. Condie
4npK5P8tsNLTsROM0jsftY,Lika blå som dina ögon,Peter Lundblad
2jnItNsbvrGLPl6oxhTHkC,Don't Be Cruel,Billy Swan
1arQkJAMuAocgu98LBHvpC,It's Changed,Dr. Lonnie Smith;George Benson;Ron Carter;Joe Lovano
1rWzdg05p6v9wTkhnmCbFB,今日までそして明日から,Takuro Yoshida
5dC9ZrlN2eNwnQy8sry5gw,Bangsi,Söngfuglarnir
2YqGNsc93UuLNBrvHD00Jv,Ahir Bhairav,Buddhadev DasGupta
5ke4Oftde2IsDBevs6vvVs,"Yira, yira - 2015 Remaster",Sara Montiel
2TTK3MhmLoolNwQ1V6ZJzs,"So Long, Farewell",The Ray Conniff Singers
3tTh8mh7S23VT1CQW2dqPj,Parents Are People,Harry Belafonte;Marlo Thomas
2LCXDNOWN75spzEPofmamR,Passport - Tune Z - Common,Charlie Parker And His Orchestra
3GomOJb3MuJX3Xk5998rap,Mi Anhelo Cristo Es,Los Voceros de Cristo
7E0lTzOM8WkmoB7pMS6juc,Si Haring Solomon,Ermar Duet
7c7g0REAgYXSA8pFLtVoHA,"Bob Dylan's Dream - Live at Brandeis University, Waltham, MA - May 1963",Bob Dylan
7sVouVw3LLxZmcy6DnFLNm,Pieni lintu - This Little Bird,Anki
6KGU8zsolWbq5RIo9HqC7f,Patrizia,Eugenio Finardi
3zlNNz5wghcNAqOQN8EtpO,Nostalgias - 2015 Remaster,Sara Montiel
6S2RlQiISASvpGBGzoWz7u,Her Demet (Uzun Hava),İbrahim Tatlıses
22J94LApZPNz5lKbWMoPKH,Mossalaha - Live from Baalbeck 1973,Nasry Shams El Din;Fairuz;Wadih El Safi
1AvQF871OtRG5yKa0JuIHm,Güneşli Bir Resim Çiz Bana,Kayahan
16XPQZzDq6aVPXTDY1Id6x,Langa-langafi,Hanna Valdís
5LNoMabIAPMLKUFYQYzy7K,"Selección: Has Visto Morir el Sol, al Ausentarme de Tí",Dúo Sentimiento
0zHSRmJPRFm4sXVtZT2f2C,Kont Fein,Abdel Halim Hafez
1Q0KceYO70349DOOaTkpPR,Mr. Slick,TNT Band
3tBRbMJmLYj8TiifOe1FT3,Te Daré un Mañana,Henry Nelson
0226IgBtBhwUCb1tzNlYqJ,Exactly Like You,Stan Getz;Dizzy Gillespie
5YNf9s8WE3iF33YaFNrgpa,What Do You Mean? - Acoustic,Justin Bieber
0JLiCAJsAULoQtijy6XMqn,What Do You Mean? - Acoustic,Justin Bieber
6v65h2OFeo7KvoQcE8U3kH,What Do You Mean? - Acoustic,Justin Bieber
71A4zPKcJpjQSMzteO9929,"Lungs - Live At The Old Quarter,United States/1973",Townes Van Zandt
2OyNcLCijljDYNBWoZCuJg,"Песенка Короля и Принцессы (Из м/ф ""По следам Бременских музыкантов"")",Gennady Gladkov;Oleg Tabakov;Elmira Zherzdeva;Инструментальный ансамбль п/у Константина Кримца
1L9iQR4LMShPtRQmchC0G6,#22,Dolu Kadehi Ters Tut
347kCz2HUftqjEo0cyynTB,Евангелие,Egor Letov
3SU5P7QOltkmSigTpdudZ4,"Don't Think Twice, It's Alright",Davy Graham
243rftlBXgvVV8cCKtFRwc,Pick a Bale of Cotton,"Sonny Terry, Brownie McGhee, and Coyal McMahan"
7Mponjf8e85P6l1mrlYKC5,בראש השנה,Naomi Shemer
5gO98jnEYe0kceJHhf6dHf,"Nimm mich mit, Kapitän, auf die Reise",Freddy Quinn
7ww9E2j8b758ycQoXeLdvS,Pueblo Nuevo,Buena Vista Social Club
0ikLV7zMypPFyLH57cKpRO,Golden Hours - 2004 Digital Remaster,Brian Eno
3JQEotqNSZIJdACZLkOfze,Duelo Criollo,Carlos Di Sarli
5kX3aJymaoluG4md0BF3wq,Sin Ti,Los Tres Reyes
0ubLA46deY31q3JnHCZlTc,En Fri Man,Euskefeurat
1oplHSPxpJ091z5CJIiECj,Aye Husne Beparwah - Live,Ghulam Ali
2mB7KoaqRMzHYjuAyXS0E6,Ya Benim Olursun,Tülay Maciran
3zp7RaWrgMHu9883s4GG8u,Keresem az Utam - ANDANTE,Ákos
0V1flsdOdHGFHzknLIoWse,Calles,Los Zucara;Lucio Muniz
3rxIfudH0zyJk14WzIgkpe,Mañanita,Los Panchos
3IARdFUEny0cz2dPokyc1g,Life Is A Song (Let's Sing It Together),Tony Bennett;Count Basie;Ralph Sharon;Sonny Payne;Snookey Young;Thad Jones;Wendell Culley;Charlie Fowlkes;Marshall Royal;Joe Newman;Benny Powell;Teddy Reig
3o4ZsGkEdbi4nAf5bpRxUT,Guerrero Del Amor,Duo Guardabarranco
1FnezMBjtk2k6Or82l95zG,Wag Na Init Ulo Baby,Rivermaya
0Chhk7TNhfQX0MG58UeTae,想和你去吹吹風,Jacky Cheung
0yLtnuRWk89FosDDKY1Qbp,那些花兒,Christine Fan
6xKlHqbHnSjX9OzR6GjoF1,感情這回事,Jason Chan
702fAWRsLomCKFROeMfKZd,My Favorite Things,Julie Andrews;Charmian Carr;Heather Menzies;Nicholas Hammond;Duane Chase;Angela Cartwright;Debbie Turner;Kym Karath
1DiWg6prUBNm4RuFp3dVfN,Lullaby Of Birdland,Barney Kessel
2zqk35JQZK2EJ4Jgl8yLAM,Laberinto,Sonia Lopez
0taYmkmC7zyvYwLOMUfNqP,Say Si Si,Pearl Bailey
1p9E1ZEhBPwNGoD0lqS2wD,Hungry For Love,Patsy Cline;Anita Kerr Singers
2hhYxAqLdr49NaNFuifPAa,Hotel Happiness,Brook Benton
0n9pWPQrPr3ypSocHiwLX0,And You Smiled,Matt Monro
0jmtjUFE3McHM7lvygmKHe,Romance,Djalma Ferreira
5uoPjKY9t4w3jnWKwiijy6,Canto a Monte Quemado,Los Manseros Santiagueños
21UPL4RXZPmg2TZ2DgWADj,Feels Like You,Faime
1L08wSHZYn910dzcJcwiw6,"One - from ""A Chorus Line""",Cast
4gjYcOKf2x2WkS02UzzZry,Valse De Bamboula,Angelo DeBarre;Serge Camps
0IXv0qTOci4yAUqhltxqzm,You've Changed,Billie Holiday
0Hja9zlVQHC768PsPjWscW,Sabor a Mí,Eydie Gormé;Los Panchos
5n7ZtMbafSYmuyGTDxESvc,Szukam tamtej wiosny,Czerwone Gitary
1WpbOgTNOVpY1CktuprrMZ,Summertime,Ray Barretto
0Q3oFPH4bUsJ9nDfw9jPc2,Circus of Sour,Donovan
6F1cvV6j7Caiw8haDmadBE,Czantoria,Halina Kunicka
2rgc3sSMl6fkMUSn1WUgiW,Aynı Daldaydık,Ahmet Kaya
5PNHCkbPiOU6OkBTtTgROz,Serenata,Gianluca
0JLJwnfWEbI2G4p4VGGRhy,Salmo,Os Tincoãs
3sORxVv0AR5luprVUTsLPn,The Very Thought of You - 2013 Remastered Version,Charlie Mariano
4wcJRanvnvynMKJZRjvXml,Prison Bound,Josh White
6xDx1nJdDTyNXNhqfE5ioU,"Violin Concerto in D Minor, Op. 47: III. Allegro, ma non tanto",Jean Sibelius;Jascha Heifetz;Walter Hendl
0Rq0GroJwBdTMFfuIyw9H8,"Violin Concerto in D Minor, Op. 47: III. Allegro, ma non tanto",Jean Sibelius;Jascha Heifetz;Walter Hendl
1FBaJ2SxddVYjXWUVaeinl,Hojas Blancas,El Gran Combo De Puerto Rico;Andy Montañez
0iAmOk4uz1qZh0zX1bwaMS,留給最愛的說話,張麗瑾
5nW7mJ9Han0rkjgOaUT6fK,Goin' Crazy (Live),Bluegrass Champs
2ZOcpXakfK3JelxA0KrTQq,Öl Deseydin Ölmez Miydim?,Güler Duman
2rAJy2WSlQOINaWi0kydkr,Sakit,Zynakal;YonnyBoii
05SksCFreufffRNZfra61y,Rosin the Bow,The Clancy Brothers;Tommy Makem
3Tb2BtXbHONmIWLnpY0LRs,Şaştım Allah'ım Da Şaştım / Mevlam Bir Çok Dert Vermiş,Zeki Müren
0XWppVMjqprzVSgSKriqpR,Cada Vez Que Pienso en Ti,Alvarez Guedes
4jQ4HNBIsQX1PGoTYS3YaX,Esta Noite Eu Queria Que o Mundo Acabasse,Bruno & Marrone
098zq0Wycvgr2mjTqXzpOb,Lo Sé (I Will),Enrique Guzman
33C5oA8AFQBz1Ky1Vt9yPh,Marznę bez ciebie,Maria Peszek
0YDo6MNCgZfWP4X0PH2lke,Gözünde Yaşlarla,Tanju Okan
6HCr5XKjsZwy58CPsCWofx,El Cisne,Antonio Aguilar
4ewDBFEAw4jBFuftcOJNK1,Bruca Maniguá,Ibrahim Ferrer
52tHSwZVIXlOoa1W0NK8Om,Anne,Mustafa Kaya
5YQfgCcHLUk43YuRVg09LZ,Why Don't You Do Right (Get Me Some Money Too),Peggy Lee
6lNnvb5YW8Ctq8BQyUYwYh,İstanbul Ağlıyor,Şahrud;Seyduna
3Vq0bW9NhFL9qzlVyRdi0a,Mosties,Goran Gora
3qNawN4r2TE3ZuLaw4IdNH,Quiereme Mucho / Cubanacan,Bob Fleming;Zito Righi
6yN6jELjSSPmSR3sfd0Z2O,Gott líf,Borgardætur;Andrea Gylfadóttir;Berglind Björk Jónasdóttir;Ellen Kristjánsdóttir
3TZ4d5jTKcM64VEBh74dCa,"In Walked Bud - Live At The Five Spot / August 7, 1958",Thelonious Monk Quartet
1bsFSXwXVh9kBvIJ6X2AXy,Père prodigue,Georges Chelon
6x6IUdWGMh5N3Is2WjmLcE,Te Solté La Rienda,Lucha Villa
5gSfsBC80I20JCLdbMjSG1,I Proti Nekri,Mikis Theodorakis;Maria Faradouri;Maria Dimitriadi
6bAmp2OEVQJtSXbdz0SDxh,Tinta Roja (with Roberto Goyeneche),Aníbal Troilo Y Su Orquesta Típica;Roberto Goyeneche
4ricyQVd20UQde1jpXCSuJ,Winter Wonderland,Tony Bennett
5J8imravW3bMovOvSlDkdx,Biz Üç Kişiydik,Ahmet Kaya
6aBUYjmcolzTWtssjzryAP,Remember Me,Johnny Cash
3IvKQnpQTJX3fKlKIle8nQ,El Arrancao Verde,Abel Soria
0CAjTtelWekmjv1xjieB7B,Die unstillbare Gier,"Original (German) Cast of ""Tanz Der Vampire"""
4thpipnogGL0ahwxD1RXRn,Que Barbaridad!,Ramon Gallardo
0CYtIR0IcGbxL497RrfpE8,Cuckoo in the Clock,The De Castro Sisters
5LXYcZlQCXt4KmymKyNIx4,Behr,Ciwan Haco
7AYbmLHVSpr5ejHndqbCTb,Blue Moon,Louis Armstrong
20UlFvlEkBmTmiHpgHP9fd,Åååååå - Æ Koinn Sprækk,Alf Malland
6Ir855vOkOdrmJlEfLqrhd,The Lady is a Tramp,Ted Heath
6qXKXWst1RJ1JXXmP1qCnl,Que Días para Siempre Inolvidables,Los De Siempre
43ddJFnP8m3PzNJXiHuiyJ,The Way I Am,Ingrid Michaelson
2A50GDZY4zUrMMoqY53dP7,Arabian yöt,Antti Paakkonen
2XnijEio1FOITUTzbwFpBM,Don't Make Me Go,Johnny Cash
5xg0TakUaDGYsUkOmHaUYP,Somlai Margit,Tamás Cseh;János Másik
6QcDQId02hVAtd24T7c24L,Pubis Angelical - Vocal 2,Charly García
6UFlo3RmCOhIMXDQvpivFf,I Just Want To Sing,Dorothy Donegan
7D8JsYaLF87p0MGXex2UM9,You Are So Beautiful,Luciano Pavarotti;Joe Cocker;Shawn Pelton;Pino Palladino;Rob Mathes;Robbie Kondor;Orchestra Sinfonica Italiana;José Molina;Alex Britti
5SXULSItiLhvSwzpiVCljB,Carlos Gardel,Nelson Gonçalves
0rJ6oCASo0LWGWWimtIJXI,Kylmää sotaa ja rakkautta - Theme from Romanoff and Juliet,Esko Rahkonen
48dQN3bgcqgLLgpPfhhdkh,Slowly,Ann-Margret
1VVgWvMV8dhWDNa3A3R2Jz,我愛卡力蘇,Grace Chang
6d5anfZGvVJtqsu1eEyY0a,With Her Head Tucked Underneath Her Arm,The Kingston Trio
7If7djf3SLAvbiEch2RN53,Coffee Homeground - 2018 Remaster,Kate Bush
1IvYCjOWg4rrLbb8PdF5sX,Hab' Dank für deine Zeit,Reinhard Mey
5FvapYqWK6TEuh4csYwQ9O,Is This Love,Corinne Bailey Rae
5FiJJvfP74D5ue2SzBW5cb,Mon hippopotame,Henri Dès
1KVNydTIsg6rkH1PpHCzd9,Kdo Svalil Kámen Náhrobní,Spiritual Kvintet
4VuL4HSCrVvf0JOS6PHdck,畫意,Ivana Wong
365gjgJySGBOwZW57T2GOA,Boi cigano,Tião Carreiro & Carreirinho
1jzL5nloWT7HadrTIJK3EH,La Querendona,Jorge Cafrune
34Xd5H6kgnVUm0ENgMk7pa,The Night They Drove Old Dixie Down,Richie Havens
4cy0jYlAbtgBmOq05AzDt3,Christmas Island,Ella Fitzgerald
6nlurMRf7blOpoksXBzXUh,Eternamente,Los Dandys
2NvkPVPaX8hGy2hv9AccAf,99 Year Blues,Jorma Kaukonen
1MtqKsDx1MdYJ5uLnZyD6f,Almost Like Being In Love,Hank Jones
7x7sSchwYsA818pO47gh4e,"Don Quijote, Madrid - New York (Chotis)",Lola Flores
49qMslB5y1s6GhXAJbDH5a,My Love Waits (O Meu Amor Espera) - Remastered,Duke Pearson
1r2VhmO3bgSUdEirbi6pxF,Esta Cobardia,Julio Iglesias
2UjGEqZ0wDiVlWIaTUy60J,Ein Vogelbaby wird niemals satt,Rolf Zuckowski
5iqwPzfZulUEH3KoFpKCeK,Virisindi Vintha Haayi -Duet,Ghantasala;P. Susheela
3JHu7D6DY6W8GR2UrmCJxO,Die unstillbare Gier,"Original (German) Cast of ""Tanz Der Vampire"""
0jOcexNQ0Lvk8rXr3wFLLs,Oles oi dafnes,Thanasis Varsamas
03YkksKjxxxYcdr7pcsweu,September In The Rain - Instrumental,Red Garland Trio
0WUGk62QZGVucShpffPKYS,"Solomon, HWV 67: Sinfonia ""Arrival of the Queen of Sheba""",George Frideric Handel;Raymond Leppard;English Chamber Orchestra
442FV16HuyEMgy7auT88hB,Te Soñé,Jay Wheeler
2tW9Q3A6IA1xq7Vf2Fne2o,להיות מאושר,Eyal Golan
57H3OHxJ7wtwh91L61lo6W,First Day In The Studio/The Man That Got Away - Previously Unreleased Version,Judy Garland
5cTECWZPwCd32FndlVsGS1,"Final - BOF ""L'homme orchestre""",François de Roubaix
2vfBFg9wo6Vr41OvRNsAfD,Talað við gluggann (Upptaka frá afmælistónleikum á Hótel Borg 6. júní 1986),Bubbi Morthens
1pgtkFwdPPVOOejHyCX2ly,London Blues,Canned Heat
3c6y0QHeP0WCCL1bt10Fhw,Mis ojos solo lloran,TATITO GUAYACO
235LfY5lwmvgco9RhiILhp,はいから・びゅーちふる,はっぴいえんど
72R9Dd3mEL7JRNpUAEEAN8,Bourée - 2001 Remaster,Jethro Tull
5Uene4exc7GwWYDN6X3Ihd,Bourée - 2001 Remaster,Jethro Tull
4LEQ3CU5nNcDj6swPluuYe,Саша,Kino
0KeQYOvK25PpIXJLzxcy2u,"Straight, No Chaser (Take 3)",Thelonious Monk;Gerry Mulligan;Wilbur Ware;Shadow Wilson
6Bk862WUSCGxVclWkrmRfS,"Who Do You Think You Are Kidding, Mr Hitler? - Theme from 'Dad's Army'",Bud Flanagan
6mK8ndJd1QWiCeW65NAVFj,Virgencita De Ojos Negros,Jose Antonio Salaman
5O71g3jMPAVj9jydfaUyLb,That's All I Want Baby,Willie Dixon;Memphis Slim
2iOvMtA1u9s95NF6mJDOuT,香水,Eito
3QuwGIUFYKc4wxVJt7ac71,"Violin Concerto No. 1 in A Minor, BWV 1041: II. Andante",Johann Sebastian Bach;Isaac Stern;Eugene Ormandy;Philadelphia Orchestra
3yJUVWZj24sb9q9oI1xcPT,"Violin Concerto in D Minor, Op. 47: III. Allegro, ma non tanto",Jean Sibelius;Jascha Heifetz;Walter Hendl
67xTBZLMacOVnrMHSJlJWx,Lover Come Back (with Frank DeVol & His Orchestra) - Mono,Doris Day;Frank DeVol & His Orchestra
3J00pNXbnMr9DCy1dvFNAC,Brúðan mín,Söngfuglarnir
4TG9xTrkJOC8dfeUxfw6cv,Good Woman Blues,Leroy Carr
4jF37EAySppzXFiOKkeVMc,Jon Braun,Xirula Mirula
786dSB84yrSaICJwCT7VxP,香水,Eito
6NGpWVdSaQ3tKcZ8H8UAnn,Chyba,Hey
5yGW5jpNzRr66bczvCHInX,Don't You Worry Child,Madilyn Bailey
3fhf0F5lXtwo9fyLYQ2JZU,A Wonderful Day - Instrumental,Sweet People
3JiZT9wSCScrWCpMvdGGzZ,Är det så svårt,Siw Malmkvist;Henning Moritzen
1EyZvS5GNvocs2rDRuqaSW,Prosperity,Chinese New Year Fantasy
0ErnwMN4FVWklEDsdxrDG9,On Green Dolphin Street,The Three Sounds
6wDErs9uid7P7ofYQ3diKO,L'escalier,Paul Piché
7qcvWQfVUiPRgakWTwP1K4,Agapi Mesa Stin Kardia,Dimitra Galani
0dTrsVaFGSR7KfAVfGag9K,Fyra bananer,Fred Åkerström;Gösta Linderholm
6Obp165E1szELuAP7p96Zb,Crazy Fingers - 2013 Remaster,Grateful Dead
2ddfaUrxLUpj9ZZHBf42iH,Das Oberkrainer Echo spielt auf,Das Oberkrainer Echo
1Ivpz1Gy3glvNRQMpEoQph,Солнечные дни,Kino
2sXSCcK7DEic6QG8PR23PX,Ultimo amore - 2018 Remaster,Vinicio Capossela
138Kyvy2Zuafe3gt7fyaD4,On The Sunny Side Of The Street,Louis Armstrong;Sy Oliver's Orchestra
3i1az9lIMWCwHyC5VKsfQu,Passagem de minha vida,Tião Carreiro & Pardinho
2sUadsCEWfUZ6RK2W5m79l,Yeh Sham Mastani And Dialogue,Kishore Kumar;Rajesh Khanna;Asha Parekh
3S6vgGgOR7Ko3mK2nsffi8,Pilný Fanouš,Záviš
5nQfVfOun7cO01XPTtCPcH,Lamento Borincano,Caetano Veloso
3jheksJvnFHyorGydYuwuN,I Like A Sleighride (Jingle Bells),Peggy Lee
7n6yux2DOrtoAf19y0aYUq,Omdat Ik Zoveel Van Je Hou,Willy Alberti;Willeke Alberti
2UN3JefdmWEYYqYoHCUei4,愛的路上只有我和你,Richie Jen
35eQQb5kvs5RV98dJ8szvF,Mijn Allergrootste Fan,André van Duin
2bLIcaSs67qxe1bwJkRomK,Afiches (with Atilio Stampone y su Orquesta Tipica),Roberto Goyeneche;Atilio Stampone y su Orquesta Tipica
2Og80EcyN0XkYtysR254wr,Manhã De Carnaval,Eddie Palmieri
4Na8yIPkvpTfNH6pbdheAx,Psychic Elephant,Shankar;Jan Garbarek;Palle Mikkelborg
2W1Cny6ZhbDZoGRxOVV3Y9,Crazy Over J-Z - Take 3,Lester Young
2J4tdOlBl9SsmNCWbP3WSb,Terremoto,João Donato
1zRdye3cAEloaoTnKGPcdX,Petootie Pie (10-15-45),Ella Fitzgerald
0Mt7UFxCdP6wk8fcQX2TpY,Don't Get Around Much Anymore,Willie Nelson
5Ua18gEMb1cHgDWGHEKHme,Petite Fleur,Petula Clark
6D8jhRRJWw0ymLIpRd7mu8,Sólarsamba,GÓSS
1HZtjrhG63MzueZspYsEeO,Shower The People,Kaya Brüel
3y3mz4DDLl1FKgXPupCU1g,Si La Muerte Pisa Mi Huerto,Joan Manuel Serrat
1lKbHSLMx7JFAhEGLsBWhS,Si La Muerte Pisa Mi Huerto,Joan Manuel Serrat
4iQ9KoJMHBt4ifGdkvZerW,Detrás del Miedo,Laura Canoura
0YwriPJbQpz0oSrBMmethg,You Can Do It,Anita Meyer
4T8ePmbtFhq8vr0ASSvpKG,Paddy West,Ryczące Dwudziestki
3YfLiEy3eAgChqhImyMn8j,Erotiko Gia Dyo Aggelous,Fivos Delivorias
6C2Wgnen8QXNnz4Sun1iKs,Nice 'n' Easy - 2020 Mix / Session Takes,Frank Sinatra
6G7Cy5mjEhsiBrPE7wA6hF,Carta a Poste Restante - Remastered,Jaime Roos
7rIHVmFMD3A7c0DiEuDtzz,Piata Romana Nr. 9,Nicu Alifantis
018z3v1gpuqBe6rsKUygpv,孤單的心痛,Vivian Chow
4UXdXSgeYRFREu7x0HZu4f,Weak Heart,Miriam Bryant
4tkXH5ruIU7gFP2kr8pnNQ,Semblant de rien,Lynda Lemay
2gSRexd6QgMF1824HMyub1,Gone,Jack Johnson
2M61v5zQYX0pwyqwfhdpXC,Psalms No. 63,David and the High Spirit
16406f75X4HlYjW7hYyuX6,The Green Gates: The Boy In The Gap (Reels),Stockton's Wing
63HO9Ni6MHivZJysGqTkAc,La Casa de al Lado,Fernando Cabrera
78zUOGbQ75cBFytXRJTtnd,"Bach, JS: Two-Part Inventions: No. 1 in C Major, BWV 772",Johann Sebastian Bach;Helmut Walcha
36OZCLw1MujEYSY52L6Z1R,第三者,Fish Leong
1UFw9pupo6xxvBiZxEkIUE,第三者,Fish Leong
0RTCDBeIIA6FuzseoFYX7h,ليله من الليالى,Najat Al Saghira
3POPSAdN9TH5jZ9moczIfA,Бухгалтер Иванов,Бахыт Компот
1cHxcl608r9sfaHaishns3,'Deed I Do,Ella Fitzgerald
0wbM5ofK7NRYfVlNXRSrGT,Vergammelte Speisen,Die Prinzen
6phApqHjoCegpevdCSh331,A Vida Toda,Carolina Deslandes
16ws44tOuDQWDJqP6sL5So,Reven På Hønsejakt,Lillebjørn Nilsen
6GDI4Y8fOsptYwSW2iIUbe,แปะหัวใจ (14th Feb),Jaonaay;Juné
1zl9KwvpjFJqcrWmQwJb21,בוקר אפור,Avner Kenner;Mazi Cohen;Yoel Lerner
2KJLzroz94CvlPc7biC8rx,Ballata degli impiccati,Fabrizio De André
3BnUH9ZrzVTrNPc3ASeXQc,Ole Sangen,Martin Kristensen
5XZsVyVtQ0teTbEw93RMI4,"Estácio, Holly Estácio",Luiz Melodia
5xX1IktHpSoou7zi4DuxWU,En Elefant Kom Marcherende,Popsi og Krelle
00Hjec5Nu5AlK9nD97ohlp,קשה לעבוד,Matti Caspi
3gDONtKnX385TjJo0328TS,The Diary,LANDOKMAI
47m5LttX0jxhl4cwDc3RVT,Yalancı Ayrılık,Ahmet Kaya
5paIAfHObHDNcCeuMy1x6r,Maðurinn í speglinum,Bubbi Morthens
2aTPG2sMZkoxTTNRfaxbtV,Nem Kaldı,Cem Karaca
42QAGELMBAFvhrFCGegefj,重新做人,Edmond Leung
2ZEsudEtILlxbiaq0SfdlC,Manubrio Azul,María Elena Walsh
6mV9QcIGbWq8Gjdd1uF9lI,No Me Platiques Más,Norma Montel
76I3fwQbjKo27JK04esQ0q,Kāpēc Man Dziedāt Svešu Dziesmu,Raimonds Pauls;Nora Bubiere;Margarita Vilcāne;Rita Trence;Sandra Ozolīte;Ojārs Grīnbergs;Viktors Lapčenoks;Andris Daņiļenko
0LUF6jGTdWOfNaM4GoOqc6,身代わりジジ,Joe Hisaishi
1UIqxu0J7smpujpd0x81qz,Les eaux de Mars,Georges Moustaki
6n8PaGkMWbdty5FHqTcElJ,Cuatro Estrofas,Sandra Mihanovich
4bIXDxPN1ddswIpU8WstIT,옛사랑,Lee Moon Sae
1LghJ9ZbbPkPsTalSzUjJI,Ρημαδιό,Λεωνίδας Μπαλάφας
42pSuQfjbOQ63EoBjEjWQQ,Di Ako Fuckboy (feat. Agsunta),John Roa;Emcee Rhenn;Agsunta
6MiId2zwtRijlbWP9CDoYK,Chukkalle Thochave,K. J. Yesudas
6hsIVKdkHmkJjzzAeSIKQ8,Tum To Dil Ke Taar Chhed Kar,Talat Mahmood
0sd8hBmwvgwRUTRke5Je19,"Symphony No. 2, Op. 9 ""Antar"": II. Allegro",Nikolai Rimsky-Korsakov;Pierre Monteux
3IQMP7weuo23X5oNR7FyKk,"Sonata For Violin And Harpsichord No.4 In C Minor, BWV 1017: 4. Allegro",Johann Sebastian Bach;David Oistrakh;Hans Pischner
5Pe9x0zGdNrYxrd4r0rHnl,Bad Reputation - Acoustic,Blame Jones
3EXiDYVWpVPMgJ3mO7ATIY,Reginella,Franco Califano
7uCrxacQeMiOPl2WUZiO6h,Aate Jate Khoobsurat Awara,Kishore Kumar
6TTOBS4GqTEj62hBOLDws7,Fallaste Corazón,Maria Dolores Pradera
1QD1TFvlYrbCcfsGSjMvBu,Maria,Oscar Peterson Trio
7kjyFGyCCaCxkxTROXDXVi,Dekho Yeh Mere Bandhe Hath,Kishore Kumar
5YhkpWpdwjswjlSk6cdojY,אותה העיר,Lior Yeini
5pP3pTUlyrPfLOe96eikbt,"Concerto for Violin in D Major, Op. 77: III. Allegro giocoso, ma non troppo vivace - Live",Johannes Brahms;Jascha Heifetz;Arturo Toscanini;New York Philharmonic
5h7AiBIFXl3ft8jIooSXUS,Olhos Abertos,Elis Regina
7p6m3nIdRRO2EOFmVJcBf5,Frio Frio,Juan Luis Guerra 4.40
5Mq5CtTkmugMU9Hjn491LT,Gayatri Mantra,Anuradha Paudwal
3DeNkDiv6mXNwP6681OXxn,כל העולם כולו גשר צר מאוד,Ofra Haza
4R4DkFbreP2jgOr7WSsPr0,I'll Never Fall In Love Again,The Ray Conniff Singers
0W4HvCDaxjQbhlvgB9W7gO,Sans toi,Pomme
3KpHKJgmQf055uiX7NwLuZ,A Pound Of Blues,Johnny Hodges & His Orchestra
7wuF0MyZWP6gS2OBZgZWAR,Ain't Misbehavin' (I'm Savin' My Love For You),Billie Holiday
4Gg0Qw36YXdKGOzU9i1ZQq,Squeeze Me - Live,Dutch Swing College Band
4jwZZX8J8eN3w0FOK4FCI3,It's Beginning to Look Like Christmas,Johnny Mathis
0oURjYjJ0zknTnPK1mBTdQ,Iinkomo,The Soil
6krVvuf8FHe7CYSd1a0KyM,Lágrimas De Sangre,Alfredo De Angelis;Oscar Larroca
6Hvhy4B3IgYYnYsUB1X7zg,Moulin rouge,Michel Legrand
1ClzhZStsRAUXpNNCxEq3R,我不願意,Jacky Cheung
2Ie8GgdurF6XyiE2pZ5jXO,את חירותי,Chava Alberstein
7qbVZ9FOUswrTa3B5cQLTT,גן סגור,Yehonatan Geffen;Yoni Rechter;Gidi Gov;Yehudit Ravitz;David Broza
45lBUIvvZ7dZzIPsapmiDp,La costruzione di un amore,Ivano Fossati
2ABRv2tJrIDxHWgJEQSf3W,Var Gibi,Güler Duman
2dhBAbYfES1uMgEhYAercT,"Corrina, Corrina",Bob Dylan
4Cct8khcqGHcvLWwOG98iI,Too Many Secrets,Patsy Cline;Anita Kerr Singers
2VKfhU2I3YyfO9wFiue6Hp,Cheirando A Amor,Angela Ro Ro
3BLF09PSZ6mu7GGzJQsqOe,Hvað skal með sjómann?,Savanna tríóið
5Q58RkKyUafm15Syxg79DW,Sham,Amit Trivedi;Nikhil D'Souza;Neuman Pinto
1P9lJx4ARadqoBN9O994rp,The Voice Of Love,江玲
3kymDMDqgFEGn1KEqmpxvV,La ballade du mois d’août 75,Charlelie Couture
4mzln4ZmuqEEgNlyFrA4F3,I skoven skulle være gilde - 1998 - Remaster,Grethe Mogensen;Dragørbørnene
7H5QJmpXSmOBiyp7vKrTu4,Hamen Tumse Pyar Kitna - With Dialogues,Rajesh Khanna;Kishore Kumar
3mm9qkE7gp7A95urifTir3,Hoy que te amo,Pablo Guerrero
7nsvrteisxxfFN4U4BrkjE,Honky Tonk Blues - Single Version,Hank Williams
7DHf0VwNuDFcOsuBWv5DJH,Our Day Will Come,Carpenters
6ztzr8YIlJmcrLG0B5T5Lp,O Seu Olhar,Arnaldo Antunes
6WsI0qex63unBKxrY0b8AW,Kirvem,Kızılırmak
6KiZqOmFBACzsSPl1XmFP4,18 (4-29-18),i.am.orange
0Lw7Ez3Fwj8ayeDhqPy8Wh,Autumn Leaves,Wynton Kelly
6Jj1PSxCpFG5CdTMtUfhzM,A Man and a Woman,The Front Lawn
7GwYyptT4tgRrCzcmA5DUX,Halfway to Nowhere,Chelou
3hyoKOVHZsJIHbZneQU4QJ,Vyspi sa do krásy,Peter Nagy
7dHaoXre1JQztW4sYTJksP,Trick Or Treat,Lionel Hampton
2mlNPXbzTZebs8QrFrtOZt,They Can't Take That Away From Me,Frank Sinatra
7yiBB5lpkMKy4Dap2q0bgh,Sitter i ett duggregn,Kenta
7tJXOmtkjn8aWuWJ84Zhih,Si Mou Haraxes Poria,Pitsa Papadopoulou
1mow7kEjVNnoOlIfz0UbBy,Vardia,Melina Kana
2O5D1ut6ByPNWkLK0ggOik,Hämärän Taa,Sir Elwoodin hiljaiset värit
5FLRDjcoOwVb6UocUoGhvj,Be Honest (feat. Inara George),Jason Mraz
4hUPFdoteFOMaAFrK2ALFQ,João,Di Melo
7CnmrH37yHub8PoKFaGUo5,Burnin',Cue
7yQUpt4zpWAfBLcNCuVFDA,"Teacher's Pet (with Frank DeVol & His Orchestra) - From the Film, ""Teacher's Pet""",Doris Day;Frank DeVol & His Orchestra
0W8uuXgE3XRX5BkGVsu2K9,Hace Un Año,Antonio Aguilar
4WfUQ7dEWxf03GtSdApSlb,Christmas Song,Marie Earth Heart
3zhVfJtKzIjCMUjpAk6fYG,Vértigo,Ismael Serrano
4JFtAFnoDBXsPHmff2gsQC,Je me sens vivre,Dalida
4DDLznO4t0UdZwGOjpVbdA,'Twas Brillig,Camarata Chorus and Orchestra
74fGL1Uxhh6ZiFYJohNQAz,Pienso En Ti,Cheo Feliciano
3QqCKa1cRPElDmSISElzBa,Tango Mandolino,Taisto Tammi
6DMOzL2zPZBAW0LDYCYLWm,I've Never Been To Me,Charlene
4jrO27zzWWiC49BAKlpzUg,ערב עירוני - בהופעה,Yoni Rechter;Mazi Cohen;Gidi Gov;Haim Zinovich;Yuval Zamir
3pN0gqg1BYKdlEr66gnkWu,Cinnamon And Clove,Sergio Mendes & Brasil '66
0Ek1ETnfVq8J6s8pQQxVju,In A Mellow Tone - Stereo Master Take,Coleman Hawkins
4pUNdSQGtBh7k02XduBZS1,Det var på rundetårn,"Ove Sprogøe, Dirch Passer"
5jXXNNfh9HkBTccwb0KF63,Tangerine Puppet,Donovan
3Of3Dsw2VJTPZfC4mjVJk3,K.C. Blues,Charlie Parker And His Orchestra
1qiqca41jbgrAZkrUsCWV1,Too Young For The Blues (1/25/56),Ella Fitzgerald
4SWZGZdTIy3BQLOH7rsCQr,How About You?,Stan Getz Quartet
1yBsoujDNTzzxCR1IAD0NF,Y...qué Hiciste,Eydie Gormé;Los Panchos
53BLEvvXY8CCDjtPnIv6xI,Na Lipon Giati S' Agapisa (Mon Coeur Pour Te Garder),Giannis Parios
5xacwJHf9yLJKCn5JjSiRz,Santiano,Hugues Aufray
3n26Dm6KuqWrCJzM7pcQhp,(It's) Wonderful to Be Young - Alternate Take,Cliff Richard
0fAVy56qlXLdNKSh1dzC2R,Sonhando Contigo,Trio Irakitan
0GteRAmJMtOebs6KlX426K,Wrap Your Troubles in Dreams,Ernestine Anderson
6VdLbgkfOu5xnZzW41tPA2,獻醜,Ken Hung
6vaYkO8qPgduGAPrteqjfP,Асфальт,Kino
62yqFNkzBeWUPqLnUacRdO,Uinu armainen,Erkki Marjasvaaran Orkesteri;Päivi Paulin
3tgu92DK9RJ8BozIJjuUYG,Comitiva Esperança,Sérgio Reis
7irxnofTcigmaOxY0TBTkr,Exiliada del sur,Inti-Illimani;Various Artists
51sDB7GtDTAdSxuxNbcuKF,セドナ,スティーヴン・ ライニキー;吹奏楽団Festa
3fYwGm3UUp35y3vGsBnGn8,Net Als Toen,Corry Brokken
6631SSWABAPpcLSrDs8j1c,Like A Rose (2012 Acoustic version),A1
1khI2ga73GF2JaKwsCtqvN,Kim Ayırdı Sevenleri,Tanju Okan;Nilüfer;Modern Folk 3
0Q1ClYPNLipJpwoeZbbcWr,Valente Quintero,Antonio Aguilar
69hl9tEE4FnMlG19a5KePw,כנרת,Lehakat Pikud Merkaz
63fbBxn3n0T1ECtFPCecEv,Pas Firi Firi,Nikolas Asimos
0tEBmQF9pvk0jSYjZpGSSx,Koyila,Malathi;Giri
7xQs5dDXPqGwe0O0iUaXjT,Sono Io,Julio Iglesias
0RxYlXWqQnuyTMDdI0h3sK,Boršické,Jindřich Hovorka;Moravská cimbálová muzika
7i76Py2V5pudh4CJ3MxoZx,Düşünme Sev,Kendimden Hallice
1ycfdLb8tP0J8M8WvhDgHE,La Balsa,Tango
1ywKWdovVnFuuMwKmrrKAG,เมนูไข่,University of North Texas Symphony Orchestra
1Mwy7p7cj1W3ZwZbn9REH3,Para o Louvor da Sua Glória,Vencedores por Cristo
4uqDkDSqoHZcjpbUCGg3Xh,El Botones,La Sonora Santanera
1qGq395v2xw9WGcS93qxmn,Kapteeni-Kalle ja muut kaverit,Vieno Kekkonen
58LfyZdC1puzdceoaaGJ9v,Juice A Plenty,Johnny Hodges;Billy Strayhorn
14fCc1FZ53mvvJD1uM04XI,April In Paris - Rudy Van Gelder 24-Bit Mastering / 1998 Digital Remaster,Thelonious Monk
0OP8k2hVDdpt3BkH4794qb,The Miracle of the Ark,John Williams;London Symphony Orchestra
0l6wjSsGBs6fM5Haum8JBg,Les pingouins,Pierre Lozère
0UMn3vPRqHDI359duknKrb,Der Guggug uf em dirre Ascht,Traditional
7IbAbgI8bHgJGnj0YettWB,"Mere Mehboob Qayamat Hogi, Pt. 2",Kishore Kumar
7lFqkv1mqvzRQsbuQQ86kM,Epistel nr 51: Movitz blåste en konsert,Fred Åkerström
31ju8vPq0KQIXld6YEKYV9,Forbidden Games,Miriam Makeba
2sNcVkBuezohTuJ62Y7d3O,Surrogate Jiji,Joe Hisaishi
0GwtTuEAs95zqKCw6jfXJh,"Enna Marandha - From ""Pandithurai""",Mano;K. S. Chithra
5fyZPbkMDSSr0bkvG5H7ux,Nobody Else But Me,Jimmy Raney;Bob Brookmeyer
2fp2exMvOesqBQ1Km5Zut6,喜歡,Yo Lee;謝孟庭
4B3ytO8z4iXVvHKEwUotar,Valaki Mondja Meg,Presser Gabor
2CDeYJ71p2dTdipO9tv4lS,Mere Mehboob Qayamat Hogi,Kishore Kumar
187wvd2rTXcrJcgyyxftWD,"Kdo Ví, Co Bude Pak",Jaroslav Samson Lenk;Maci
3TerEwVP6zs2QrsCoG0yFK,Willow Weep For Me - Remastered,Dexter Gordon
1io4s37podKI0iXalcIcSy,Hoje Quem Paga Sou Eu,Nelson Gonçalves
0zL4qejgHkqDeODlOPFdYS,June In January,Julie London
3VPfF84WRYM39ufTOJiEdQ,Chamarrita de una Bailanta,Carlos Benavides
1bcoI2VWqABMDhwoZHf5dp,Starman,Seu Jorge
20dWtXJnci0gCneGsJHpns,"Concerto in D Minor for Two Violins, BWV 1043: Allegro",Johann Sebastian Bach;Jascha Heifetz;Erick Friedman;Thornton Lofthouse;The New Symphony Orchestra Of London;Sir Malcolm Sargent
1z2vu98FrQAxQEGXxlvTHd,"Sonata for Harpsichord and Violin No. 3 in E Major, BWV 1016: II. Allegro",Johann Sebastian Bach;Yehudi Menuhin
1zFd6zN2lbUTdsFmi8166m,Here Comes Santa Claus (Right Down Santa Claus Lane),Gene Autry
3EkQeYZklcGio3OiQKIj59,Kashi Karwat Leta Hai,Hemant Kumar
3DREgsiak4znCKPDVirf1X,Khuda Bhi Aasman Se,Mohammed Rafi
3NpXNyodfbfAfCxzmAZtpO,Manes Matzore,Roza Eskenazi
1ocySlYGp6GnYGOXowATVd,Basil Valdez Medley,Regine Velasquez
1j9MURo72q6bimIEGJ0FHg,津軽海峡冬景色,Teresa Teng
5DTk1Na5P6aad5cOsOQcwq,Bloom Where You're Planted,Linda & Frostie Gray
7wHvtZJAxU1PYHpEq6iikl,Snurra min jord,Olle Adolphson
6PgX1xP6m8J9JiLhreNWhS,Promise Her Anything,Dean Martin
3rYQDcKfejzttlnuq7SrJX,Mere To Girdhar Gopal,Chitra Singh
34Txx9Qk0LeC2FzFUOyNRN,Mere To Girdhar Gopal,Chitra Singh
5bCzUnrhNMBHeNSg16pZFs,Will You Still Be Mine,Cal Tjader
5UPd6Gyj4aoaTUTlpWSak5,Con los Años Que Me Quedan,Gloria Estefan
1lrmmpIgUeluYHmPN5lhxr,Serú Giran Medley - Live,Charly García
69OSDvwwuBATg00mQpFjc7,The Gravy Waltz - Live,Oscar Peterson Trio
6joshX9PqVxTQCZ5dc3hJB,Soon,Ella Fitzgerald
2WKrQcDQ1bG160OgII4Y2B,21:00,Sofian Medjmedj
7axyTfNip5mYYJ5hfsZLMF,Estúpido Cupido,Celly Campello
3XfwFrVGLEZlrC3CUnfa1x,You got to walk that chalk line,Buddy Johnson & His Orchestra;Buddy Johnson
6v14GzIdbXdyvEuFBAtrxJ,B. For B.B.,Hank Mobley
14Y6bvTbMLGp8KItc4yBas,Københavnerkneipe,Kari Bremnes
6QnvYxDwkSF4DD1HzSLr1V,Arranja-me Um Emprego,Sergio Godinho
5h8EVSeAeQwJjeV5AzrpGd,Nirvana Shatakam,Sounds of Isha
2ZSubX2QFzD7ba7t47k3oe,New Partner,Palace Music
5NGe7LBO4chb0mNEBTrFGK,Lääkärissä,Veikko Lavi
5tKXhlwuI3RVHCgFWZyIts,A Pound Of Blues,Johnny Hodges & His Orchestra
0rHLMqXVjJlfV7GrHujBvl,Cenit Acústico,La Castañeda
4040LfaYpS81EKpdIAU6is,Jag hade en gång en båt (Wreck of John B),Ann-Louise Hanson
3cK7Yw96nAZGzjzbyspTIr,Prem Nagaramuna,Kanchanamala;Kasturi Narasimha Rao
1jdfLwagMgrJwuf1DtYKyN,Mi Girizis Pia,George Dalaras
2oBKJYEr166RFXyXtEAtCd,Don't Get Around Much Anymore,Duke Ellington
12pe2mL5SQGMI1gBGcEWKE,Night on Bald Mountain,Modest Mussorgsky;Leonard Bernstein;New York Philharmonic
2MAav7oOZyuPQiethRzkoy,Le cose della vita,Antonello Venditti
09zlb6Xz2oTbTVaHVZ7ZsN,Singing the Blues,Daniel O'Donnell
44oNXaJbphjsP7XUwRHoYo,Autumn Gold,Andy Irvine;Dónal Lunny
0FyyIpgA9JHn8kMwr2E9ei,Nutty,Thelonious Monk Quartet
5h3Wapr8ZukuHRZ5XMMejV,Payphone,Jayesslee
2W6FQQhISGe84kFqmuW4lo,Yüreğim Kanıyor,Ahmet Kaya
5ylvKe9oZ7PavVOw65Sdfq,Stretching Out,Zoot Sims;Bob Brookmeyer
47z5NWmoHrC5q7aKsXtCy4,Niña Qué Tienen Tus Ojos,Leo Dan
6mJNpd9Cw6uQL4RLgX2wlC,Jeunesse lève-toi,Saez
4SNHtnHyAbSXgE7vbdblwp,Jeunesse lève-toi,Saez
6UEoTuEmuIh9yiVY2v3bEH,Heartbreak Anniversary,Skusta Clee;Kakaiboys;King Badger;O.C. Dawgs
33m167IeZBbft2xQOuqjX3,La Oma,Los Tucu Tucu
0FYoa4PzHgrjBNPpUGLMnW,Quémame los Ojos,José José
3F9921VZTij6kugdKNXbHq,Kom Hjem Igen,John Mogensen
5dUGIBQ17T0Ml5joelybOF,"One (from ""A Chorus Line"")",Original Broadway Cast Recording
7GlieH4QRY8aYqRKCXw65V,Undressed,Julie Bergan;Astrid S
5vGC0LQIigNRslFfcMkLVa,Jostain vielä laulun kuulen - a quoi pensent les tziganes,Carola
5HhODl6Rl3nDulwv7S4Iyn,Beauty School Dropout - From “Grease”,Frankie Avalon
51gvLdXqPT89bflAGnaOX9,Twenty-Four Hour Blues - Single Version,"Bobby ""Blue"" Bland"
5z379KMiQxc4QIV6sD2pzf,Niña Hechicera,Vicente Fernández
721c6myRkDcRFuPNrbhzXy,Standing On The Corner,Dean Martin
4enEJGj42a9Nk9Gh7DNhWL,Let Me Be The One,Jimmy Bondoc
0YhMrT1Alay97w9K2bXiQ4,El Cordón de Mi Corpiño,Antoñita Moreno
7lbE66zJzaMHM6lcd4Y8OJ,Kanchi Re Kanchi Re,Lata Mangeshkar;Kishore Kumar
0dPz77kgQAIl1f4x1IeyTm,Kanchi Re Kanchi Re,Lata Mangeshkar;Kishore Kumar
2d9weh3cm05EPWfgWs8ers,Manchini Marachi,Ghantasala
3wDIq2hBLezP8F7SvDVTIt,Love Me Or Leave Me,Peggy Lee
1zewt72RGC5TsHwQCGlzre,Hoy,Gian Marco
240WkSGaUBJMBmHLqS33WA,Little Things,Jessica Mauboy
1nwVYsajdfhZN5YHAeg4j0,Taller Than Trees,Johnny Cash
23EA6tBKaiVnXv7QH1R6kn,Black Orpheus (Manha De Carnaval),Quincy Jones
3hJJNio101INBq5sktatlM,Canzone Quasi D'Amore - Live From Italy/1984 / Edit,Francesco Guccini
1j1mQ52BkKbJqa8xG69Aye,Smiles,Stan Getz
79IzktLG7WKizZmtGSpqlw,La Zafrera,Mercedes Sosa
26VYa7VrBtLgcgH9VMTWls,Co Sa V Svete Deje,Rosinova Katarina
4ZtdqBVsNUVfVLiq3edmAD,Anadoluda Sevdim,Erkin Koray
3Zt6Dsb7uV3qFdzCBrsWor,Wann der Mond scheint auf Wean,Walter Heider
6M0N9g5xnE9KQUvdVrNta1,Lullaby of Love,Hank Crawford
39ynmEVUN9mdJYSTNljE98,Whisper Not,Maynard Ferguson Orchestra
23Jc8UYKigKfitYEsPxqRj,Solskinsdreng,John Mogensen
7zvM98LEiL4yO9AcgfFvhh,Lion Whisper (Midnight Oil),Mikey Chuck Rivers
18kgIvgxQX5SmNWEe3rfbY,Anjali Anjali - Sad Version,A.R. Rahman;S. P. Balasubrahmanyam;K. S. Chithra
36Qf6yYmNMYhvoNb9km2c3,Teenie's Blues,Oliver Nelson
43TsFFiJhkU8Lsame8tFv5,Goom Hai Kisi Ke Pyar Mein,Kishore Kumar;Lata Mangeshkar
2kL90AqCJi1bmp2hHf1296,Goom Hai Kisi Ke Pyar Mein,Kishore Kumar;Lata Mangeshkar
2FOHl882HZGCdnetbhiEFE,Novia Mia,La Rondalla Tapatía
406DlQKEhXubIyV4bgH2nM,The Past And Pending,The Shins
6uL11GUOj2mq0c9lgNz8q2,La Última Copa,Jorge Falcón
4y4KGkGp6qoewYhQdcQfT3,It Ain't Fair,Aretha Franklin;Duane Allman
07zefHRJ3DKErwzbsqc8Vl,"Куплеты Бена - Из к/ф ""Последний дюйм""",Михаил Рыба
2T8oeASmOzVhhGyxLtWhjR,Belladonna Live 2007,Andreas Vollenweider
0NryxUyI1yNP308cSjjPQh,Know What I Mean? (Take 12),Cannonball Adderley;Bill Evans
6csAIjpqo5z6OnUq7lmOr9,何になりたくて、,LOZAREENA
25njtCSibVNZePp37GzKqX,You Turned The Tables On Me,Quincy Jones
33BMewEX41CCkIIyxF7mwx,Night And Day,Erroll Garner
1Qgw1lcQpOuF2sahoVdnr3,Hard Time Blues,Josh White
30vIW3ERaovH5UuREZwpQ0,Seguire Mi Camino,Julio Iglesias
3UeRzgLo27ZcI26gHnDHGl,Ojitos Traidores,Javier Solís
3729XtFc2T0RAWeypzcgLL,Love (Your Spell Is Everywhere),Dean Martin
3Qz24tWEDNMYCCczJhDNw6,His Excellency,Henry Fillmore;The Goldman Band;Richard Franko Goldman
0GIfMmuiS6LKDJJc0nILJo,El reloj - Remastered,Los Panchos
3f29ck2ORyeCbH9kR8fFiN,Chiquilín de Bachín (with Astor Piazzolla),Amelita Baltar;Astor Piazzolla
5nc8KsfvGIZivYH7gdbuDD,Телефонна любов,Васил Найденов
6kwYdo2jUnZ8SneI4jJohn,מי שחלם,Aric Lavie
2ozaAri5mCTjIRzhpQ3fkA,מי שחלם,Aric Lavie
5IOOoM2IIg2rNTnbKwUHB4,"Ef þú ert súr, vertu þá sætur",Olga Guðrún Árnadóttir;Olga Guðrún
3z6bpW3k34PFgVfxQIXlXN,Speak Low,The Four Freshmen
0votsbiie5oIqzNSxdmbiG,La Teegy El Youm,Fairuz
7Ix92RqEwxj44clwzHorqc,はるかなる故郷,Nobuo Uematsu
210SosL6EouImk2mDonErT,"Symphony No. 9 in E-Flat Major, Op. 70: I. Allegro",Dmitri Shostakovich;Leonard Bernstein;New York Philharmonic
3V0Tt8iuWqjYMTDShQ0gKj,Bullets of Mexico,Phil Ochs
1AOQTVNZQzvhRm0NrdYaUv,Teri Yaad Mein and Oonchi Oonchi Duniya,Lata Mangeshkar
4kL7s9dMmcFfhUzYPOHczL,Teri Yaad Mein And Oonchi Oonchi Duniya,Lata Mangeshkar
4g8OkxDvpFGgoUB6JnuK9d,Shake 'Em On Down,Bukka White
7HrI60ewfK1RG8xa1XSxEd,So tinha de ser com vocé,Elis Regina;TOM JOBIN
0K71QrSWcCZvyVCOSqPRof,Cotorrita de la Suerte - Remasterizado,Francisco Canaro;Alberto Arenas
1rsTANyQavJLIiPIFUgoiM,Suzanne,Nina Simone
4Nolkua9jj4lSOYNMo2lB5,Suzanne,Nina Simone
1POZ1P9IHFY8NQZ0XyIncM,The Irish Rover,Tommy Makem
2Oabv85FCY9lUmyPPmcggX,In the Chapel in the Moonlight,Dean Martin
0LuqYKTf700ss14LPOsH4J,Fere Mia Zaria Kali,Grigoris Bithikotsis;Voula Gika
6B4YNjGOES3cufToZPw9ZA,Acabé por Llorar,Alejandro Fernández
5bSETdecGqHFqm3QKrwhGY,"Ma maison, c'est ta maison - Extrait du spectacle «Notre Dame de Paris 1998» (Live)",Garou;Hélène Ségara
0C3aGgdg1yWLZZc0mtlhnk,Sambalele,"Leni, Seppo ja Vuosaaren lastentarhan lapset"
1U0Jkz8OyHJYfQXohFOEhi,Know What I Mean? - (Take 12),Cannonball Adderley;Bill Evans
112n5xaznG2Uw0MvZxZzvD,A World of Our Own,Elvis Presley
4cVbVRcFZZlDZhSlrN6V01,You Stepped Out Of A Dream,The Four Freshmen
5uNzAkTRcMVfjsll8JMT4k,Zatmění,Leona Machálková
6JbkIWufoBc0eDRO8XLSpk,Jack And Jill / Old Mother Hubbard / Oh Where Has My Little Dog Gone?,Franciscus Henri
2Afmv2i8pQB55CPFPnDKMp,"The Man I Love - From Lady, Be Good!",Erroll Garner
4fyaxwEC1AnTkUmkVUKO0q,放棄你,Jacky Cheung
2ldP7FrJwm1fArAMZY9iXr,Shells - Live from Hawaii,Don Ho
0ZopZkNa3KJ6a81jhLPOXj,"Ederlezi - BOF ""Le temps des gitans""",Goran Bregović;Vaska Jankovska
0lcmU81gSS6U1hBLGd2pge,Andru Vanthathum,T. M. Soundararajan;P. Susheela
5Gy9ClFS6u9iWqAY7Kwwa6,En La Caleta,Paco de Lucía
1wSocSdDgNX0EgMSj5ve63,"Tænk, hvis jeg sad på månen",Grethe Mogensen;Dragørbørnene
41oUguXMyo8KAzq8cTo92S,Marzo en febrero (feat. Ana Fernandez),Marlon;Ana Fernandez
5UhwjbP7N4KvHHapcpce9y,Sârbă,Ion Laceanu
5IoVD4Ksk72VxMW9lkDl5V,Bluing - Album - Remastered,Miles Davis
31dycHKhQEsnabMMN4Jd8H,Kun nuori on - At Seventeen,Virve Rosti
1i115TFyD2RHBmlcJpHAxI,Illuminations,Devadip Carlos Santana;Alice Coltrane
4qlwKzCMaLdY5cD6InmLj4,無所謂,Jacky Cheung
3UY7p2iGnnVt7BLykbzJ7d,Se Me Olvidó Otra Vez - +,Yolanda Del Rio
4inKpFJUU3iES0WwU0zGIN,El Nino Robot,Los Hermanos Rincon
62ZuqCZ4zeKRgXc5W4QtJ0,Seguire Mi Camino,Julio Iglesias
4UTLVvuFzeS752EdjHd3yz,เมาทุกขวดเจ็บปวดทุกเพลง,ดูโอเมย์
49iIIiNfJiZnbRN9wCe6Lp,Doodlin',Kai Winding
4YPuV4yXauNk06nfF1zmDF,Beatles Bossa Nova,Anita Lindblom
7f4Kkeq4LbLIeivVXyq9Po,O Amarelo Da Carris,Carlos Do Carmo
4AiWv4k6KFx1DBV0D7llyF,Hen Efshar,Arik Einstein
5rCQd34ojPKJdNWTamv5Ew,Sonnenerwachen,Backgroundmusic
4tYMue7ZvHx9ES2di2ZyoW,"This Woman's Work - Live from MTV Unplugged, Brooklyn, NY - May 1997",Maxwell
1MoLW0BtIOtJsgatUzl4WM,Iglice Szívem,Zene Ovi
4Y6RgpwRVrx205HXqrUsj5,Luz de Luna,Javier Solís
4S9aa3jSUtEJLp3qkyL842,Como el Viento de Poniente,El Cabrero
1FrPuRqZLEP0OHuggCaYuH,Zamba del Carrero,Jorge Cafrune Y Marito
05R7quNHzW4b2r2ri814io,Never Let Me Go - Remastered 2001,Nat King Cole
1E5vfsZonw4jUGOli4crZZ,Drømmevise,Steinar Albrigtsen
33vyZKRIP5MABdHN7HKOII,Grandfather's Waltz - Live At Carnegie Hall/1964,Stan Getz;João Gilberto
6IU9Af4gjtN5wRI7aMuf1P,Strangers In The Night,The Sandpipers
54VZwWDZS8sX3droEVV3xT,Un Compromiso,Javier Solís
5aUQOTN05GeuDrmTo8j5Lp,Barba Giannakakis,Christina Maragozi
4w7EnqiLksvE6rcuR8F8bn,Django - Rudy Van Gelder Edition / Remastered 1999,Grant Green
5kDnlfTSYRGdpHtgBWUcjO,Bude ako nebolo,Andrej Seban
2CgKBPdUWpqV5jKYABUbgh,Qué mas da? - Album Versión,Santiago Cruz
3hQR682FLOBZg22eYjPA6L,Dulcito e Coco - Recorded at Spotify Studios NYC,Vicente Garcia
2FXjsAFtFGsQAjh3GYIWim,שימי ידך,Guli Darzi Cole
4t3ra90UCZsjpfiYEmuoFM,El Camino de la Noche,Javier Solís
1isc9ZFa1pHlkfhOcUwu0S,Samba De Duas Notas,Stan Getz;Luiz Bonfá;Maria Toledo
1N54EdiKJ40869vt5ogluT,Crying Eyes,J.J. Cale
4j0tweHmCnaM5aykXojGT8,往日情,CoCo Lee
6G7vLp0JOLjzpexKeYzsZ5,失戀太少,Eason Chan
6vouGno57B1etvl96Xfviu,Masamigos,Mazapán
18CbNqDjKbHy7nIwgOcAnf,"Solomon, HWV 67: Sinfonia ""Arrival of the Queen of Sheba""",George Frideric Handel;Raymond Leppard;English Chamber Orchestra
5Wua8ddvWgSs8eh3mhwt1r,King of the Road,The Statler Brothers
1WljAvtzfSl9XsjUidzjm9,Ich mag,Volker Lechtenbrink
5J6O5lAGtcMeFIOkiBudCk,Mevlam İki Göz Vermiş,Aşık Mahzuni Şerif
3q0REcPDQgiLpIUaXyh6t8,Bumpkins,George Wallington
27dvzZdPiNabXvThujvAuq,2000 Years After Jesus,Ann Kirrane
6l5gQLO52O2qh2oHoRpGNP,Fine Di Una Spia,Ennio Morricone
7bzeaDAYNdSa3GhsK3LyY4,Chhun Chhun Ghungharwa,Rajkumari;Zohrabai Ambalawali
5GJUWa5uvE0kz5ZMZd6T2s,I'm Gonna Sit Right Down (And Write Myself A Letter) - Remastered 1998,Frank Sinatra
7szFJt6yyVLEy2utmKhjI1,A Lovestory,Thomas Dybdahl
2G93yg8A3Qa9S8oPG0X9Su,Ríl Gan Ainm / Ah Surely / The Union Reel,Mary Bergin
4q8jquFyiFcOdebPpXG5Ee,What's New - Remastered,Jackie McLean
0eyvSuupNoLI1bFWgL4oKR,Med ögon känsliga för grönt,Nannie Porres
3CBzqx1pnfeI2L7GlIOny0,Med ögon känsliga för grönt,Nannie Porres
4kPwKkOj0XZAXq8xyfmvxc,"Carmen, WD 31: Prelude to Act 1",Georges Bizet;Staatskapelle Dresden;Silvio Varviso
4in6fJH1I22eFwv3Rgq3uz,It All Depends On You,Dinah Shore
2fRfuLuPwoFWl7gTYFBZBu,Loretta,Ray Campi
2Mq2SkZhtoo1QlyEcscw0W,Höglund Har Blivit Gammal,Kjell Höglund
0EvdS6TeyBUCaY24XAzJ6Y,Yönmusta tango,Annikki Tähti
7Jpclr7tZ6aQXjoKzWXUJV,Don't It Make My Brown Eyes Blue,Crystal Gayle
3GbQK19GxZgnMZdwFT6i0o,After the Gold Rush - Live; 2016 Remaster,Neil Young;Crazy Horse
5lezaZXRyEsGBgKyKaGRZA,Run Baby Run,Caspar Babypants
05jPeUtRcFcSDYHNwDo2bH,Vida Vazia,Bruno & Marrone
5TyDo6Ay5MN5VPlsPTBMl2,"Concerto for 2 Violins, Strings and Continuo in D Minor BWV 1043: III. Allegro - Redbook Stereo",Johann Sebastian Bach;Sir Malcolm Sargent
15VDap1Kj0FjLe1VWADhW2,Rescue of the Princess,John Williams;London Symphony Orchestra
4h0fVHBC9ARV2ijII78j53,Rescue of the Princess,John Williams;London Symphony Orchestra
2u5igQe4E70gBvZsTqTwOf,Rescue of the Princess,John Williams;London Symphony Orchestra
3Ut4B7Ji9L4dWnP8zOa3nQ,Rescue of the Princess,John Williams;London Symphony Orchestra
1PsSRR5LNo0anPMOodauZZ,Esküvő,Zorán;Kátya Tompos
7nxWzxIaXdYGeLRNvnueyZ,Einsamer Hirte,James Last;Gheorghe Zamfir
1VTkBA6bwM96boq3ZcCtmd,Do posledního dechu,Nerez
4yl6fAtRBsrGloJFykAZZW,Preciso Aprender A Ser Só - Ao Vivo,Elis Regina;Jair Rodrigues;Jongo Trio
2WoRwZTrXtHKuFysob7UZ9,Willow Weep For Me,"Harry ""Sweets"" Edison;Buck Clayton"
4UkBgSMNsCDCYJ4uTokBV3,Nobody Knows the Trouble I've Seen,Mahalia Jackson
6gbkFFiLzsVbVK6t15h75j,My Country at War - Symphonic Suite: IV. Hymn of the People,Harl McDonald;Eugene Ormandy;Philadelphia Orchestra
1DZzA1iQdt6cMMADwtRC7K,Adiós Pampa Mia - Remasterizado,Francisco Canaro;Alberto Arenas
6jxKNcnAg0q3DoMIUAqFq3,Highland Brigade at Magersfontein: Retreat Air,John A. MacLellan
6MmPopUNvtLtWZ6v3OeHUk,Gibson Boy,Tal Farlow
7MZcaRwKtb2I5fdfcvQPiE,I'll Get By (As Long As I Have You) (with Teddy Wilson & His Orchestra) - Take 1,Billie Holiday;Teddy Wilson
64r0NZ0zkxQgIsUTQE6IIU,I'll Get By (As Long As I Have You) (with Teddy Wilson & His Orchestra) - Take 1,Billie Holiday;Teddy Wilson
5CzhAD9QczjC4IYwmlfDPH,スウェイ・イット・フラ・ガール,Lisa Ono
3owHGNTGY4kVC3HHtF38yM,You Don't Know Me,Al Martino
50nv3TWy2fEOEQyU6uvdmC,Creole Love Call - Live,Dutch Swing College Band
5SM2ZAjHXZmpVL9sn4LSok,Venha Ser Minha Mulher,Tim Maia
1awdgcmXPiL6qRLyVrXYAM,To Mavro Mou Begleri,Spiros Zagoreos
4uW08K3krQdX1KJybfdTAJ,En Libertad,Manuel Garrido;José Manuel Moya;John Williams;Paco Peña;Inti-Illimani
4vfRVvswpxv7mnikR7Obwh,The Girl Who Loves a Soldier,Lew Stone
3fs4MJMaA6iWcTE4aeGcVb,Paris canaille,Michel Legrand
3UQV5Owf4wRzirVqENU7dC,From the Start,B.J. Thomas
1XjNCKqrNSbRNccLHoleFS,Mr. Pastorius - 2015 Remaster,Miles Davis
1bTXAKwE2Hztv13xTAhMQB,Solomon HWV 67 / Act 3: The Arrival Of The Queen Of Sheba,George Frideric Handel;Academy of St. Martin in the Fields;Sir Neville Marriner
4gj5Wv7rAJYhBrGPu01mxD,The Ballad Of Lucy Jordan,Marianne Faithfull
2mgn77UfgYfPvXSRpxpOeg,The Ballad Of Lucy Jordan,Marianne Faithfull
2G8hnVvfnOA2paM5GqZgDC,Camelot: Camelot,Frederick Loewe;Richard Burton;Franz Allers
3SOqO6kmQzpDdj9WzvjB3V,Sancticity,Coleman Hawkins
3LZUh1IDWqvg0EvXVLFqLJ,Les chemins de la liberté,Yves Duteil
0JaI0zKyT3wv9ug596wWpb,Una Canzone Per Te - Live,Vasco Rossi
4v35SX13TAT7FMO3HUOs8d,Rhumba No. 2,Ahmad Jamal
60B0BFGuCb5w1aCYmxfwKs,Het Dorp - Single Version,Wim Sonneveld
70RMdNzKQbLGOaDDaRGTIW,Tus Promesa De Amor,Virginia Lopez;Los Tres Reyes
5yWXYIO490FpJsaj01V9Xr,Mañana Blanca,Lole Y Manuel
0bpXQ5CZ9rzAaGUSPKzI1r,This Flight Tonight,Joni Mitchell
6BaPEDynNpjKqiYfUkpFUy,"Camelot - from ""Camelot""",Richard Burton
4MDMKmHnRPgWXyI86Fo15q,7 Years,Eric Lumiere
4euQ5uVm7IfmZou54FlxOv,7 Years,Eric Lumiere
60xolshR0OKslpE8YGMJ5F,Religia wielkiego Babilonu,Kult
6SZpN8SD2wm3PGeDGSPeVs,Laska,Tomas Klus
3qkzFz2tis3e4CEYrWZZ0V,Lei Non E' Qui...Non E' Là,Edoardo Bennato
2XJ4c8bMWEH7IOnP1RMzMx,Por Ti,Guadalupe Pineda
2aF4W7VA7aDTPKCXmk3DnE,Ain't Misbehavin' - 2000 Remastered Version,Fats Waller
2k7c1ZCo2hXOZtfNskm7Oa,Ram Kare Aisa Ho Jaye,Mukesh
1xpJsPpj1DUOmC6MDcUbhG,Jaki jesteś jeszcze nie wiem,Anna Jantar
7DVJQpBjOd0ipNN4PLzC6g,Syner i lövsprickningen,Göran Fristorp
0CPScb1RppG0XGnqIvmpj4,El Shaddai,Danny Berrios
1eD6ZqkDDk7tThNlkx2Ym5,Yo Soy Cagueyran,"Johnny Pacheco;Monguito ""El Único"" Santamaría"
5eoEVRTtSFNqqacXidSNMe,"They Live in You - From ""The Lion King""/Original Broadway Cast Recording",Samuel E. Wright;Ensemble - The Lion King
1UgY5X7RWlboUWf3S2Wqzk,Árbol Sin Hojas,Javier Solís
43STd2VRW2x6zLwT23t1EW,Sam And Delilah,Ella Fitzgerald
4fBcARGu0zmbE3XoW3TWxR,Sam And Delilah,Ella Fitzgerald
5leWe9G1Ssfseie4rjd6Gf,El Oso,Antonio Birabent
6r8yDTz4W5cLkiJzBqR7BB,אדיר במלוכה,Nira Rabinovich;Shlomo Nitzan
7viqapYbYYTOREvFCZ0Nr2,Nordeste,Tabaré Etcheverry
4yxcfqeDMQiXkXs29AcPQ5,Oh Deed I Do,Donovan
0tuP8domPuulZ3rbKVttow,Nova Feira Da Ladra,Carlos Do Carmo
7aoJg1wQEqMx1t875H5fww,Morning Sun,Melody Gardot
3RfGVQZNnqWSuv1mUnrFUi,Waltzing Matilda,Rolf Kühn
4c2mvsP0Fj5MNfxjAF95Cc,Zara Sunaye Haseena,Mohammed Rafi
0wtlOXHH3Uf6512Cj2CP5C,The Snowflake Effect - New Recording,John Otway;Wild Willy Barrett
0Ua4SSboFVYf3UIwKkxEc3,Please Keep Me In Your Dreams,Billie Holiday
2WxcFmPPbxqFg8jkv8uIoS,Please Keep Me In Your Dreams,Billie Holiday
6uOmF4syUtJmaA2X83RwbL,Me Han Prohibido Quererte,Jorge Falcón
2jDVpquf1p4OFMrsKI1VG1,"Yellow, Orange & Sideways (2005)",Adam Gardner
4JcWG71VvCBu9pV3htlmBo,Future,Sun Ra
0JKVKU80Hifd9A8lQKi9lc,Tua,ANAVITÓRIA
2KrmBC4UlNCpYj9q6dYvzJ,情到濃時,蔡幸娟
7sjt46FBYgw8ee5jmL6lF1,留言,Jacky Cheung
5kMIRfYYKDk4Q09nuenBVF,Tu Mile Dil Khile,Kumar Sanu;Alka Yagnik
5Mgwe31w5mCo921FlXuR9f,真心的朋友,Jacky Cheung
5ZwcIloDEYB6W5MAJ0x4xZ,Celestial Glow,Dan Gibson's Solitudes
2awjkX5bdHIYOwP40sp6ig,Budapestin yössä,Annikki Tähti
5hqzm6ZifqZ1PZ8F56aGmW,Budapestin yössä,Annikki Tähti
6wr7ZwGKuju2xKBFqvyMmD,En Tu Imagen,Los Zucara
2DyeMU00q3kmnJY6vGsvss,Little Wooden Head,Melody the Music Box
6EYZAdfdlamYvGV4YX16pv,Geber - Akustik,Tuğkan
6vQLLcGV9XA6OwRCRjbvix,放你在心裡,Mavis Hee
0ZRNBYKLlqAUZxCJrkKA3I,Standing On The Corner,Dean Martin;Sweet;Ron Furmanek
2yhWQ2AlCOIl6LfAJ5mI3g,Entre Ella y Tú,José José
66yE7svMeYNZ0DVwrRYDxK,Medio Dia,Congreso
4Q8oSQuKKsD7TPOamqe9PD,99 Year Blues - Live - Show 1,Jorma Kaukonen
0jikj5O0ShNBA87KaZ0Ens,Infierno Verde,Savia Andina
241pRpWA2roVTZwwj6nQ3Q,Genova Per Noi,Bruno Lauzi
7DLVqRa5hUxQG5Qpt9SXua,Shame and Scandal,Odetta
2NZD4QMOhJGULoD3HbKcXd,Luz de Luna,Javier Solís
4aE0MD5M7PAv0kTdyzceDb,Me and Julio Down by the Schoolyard - Demo - San Francisco 2/71,Paul Simon
4RPKVNIeR1AMsYIujVrf39,El Martillo,Victor Jara
6zazzieQ5nQLloq3nmP7Ie,Şaşkın Demokrat,Grup Vitamin
7A3JZum5yfNq9I3TtFVMMt,Sous le ciel de Paris,Yves Montand
6acq2BHazArITzrtDeVTt7,"Wagner: Die Meistersinger von Nürnberg, WWV 96, Act 3: ""Ihr tanzt? Was werden die Meister sagen?"" (David, Apprentices, Journeymen)",Richard Wagner;Karl Böhm;Martin Kremer;Staatskapelle Dresden
75GEFEJNtZguOe6burWWQ7,Hangi Rüzgar,Orhan Gencebay
6iksVY4egniEufQUjdldN3,Lato jak ze snu,Beata Kozidrak
2pMd8gCQkCiNMskDeMqYhI,Aquarela Do Brasil,João Gilberto;Caetano Veloso;Gilberto Gil
1oOi39upq9j1maYBjAgsvn,You go to my head,Jan Savitt & His Orchestra;Jan Savitt
2zJFLh6or82FIpUOOrDmbA,Om Black Jim,Thåström
0UY1gm1nS1wzFSenhHLyCZ,Uraliin,Teijo Joutsela;Humppa-Veikot
76WT8RebpOpVe3ETIY7BmD,Uraliin,Teijo Joutsela;Humppa-Veikot
5nSLBWWay6jW8IW4XzmNoy,Tempi d'oro,Duo bucolico
2I5LYAmzph0ta2C7MwGmWg,Blues Når Du Var 15,Lillebjørn Nilsen
0SJ2Q0AvT29F934misWEa2,Canto al Trabajador,Rumillajta
6bP3yPeyiPUK2elQ6iveLH,Main Title,Erich Wolfgang Korngold
2TPVbeRVY5InNvOH7OXuxH,Olichirikyan,K. S. Chithra
5Po3D0fxlUpQTciXYWOmnJ,He's My Guy,Sarah Vaughan;Clifford Brown
5PyDjh950FnFbibipV2RoS,Soñar Contigo,Zenet
59yNtUCVDGxUIYYsWm6AdY,Main Aashiq Hoon Baharon Ka,Mukesh
3XsQFQmrrm1ER5DKD9zCNc,Bad Luck Blues,Albert King
0oCJSZsupKPBRy2j9I1JG6,"French Suite No. 2 in C Minor, BWV 813: 5. Menuet I-II",Johann Sebastian Bach;Thurston Dart
3YdXeDgkVDM3vZm5wxw2AI,"Soul Serenade - Live at Fillmore West, 3/7/1971",King Curtis
5THHPQcPDYlhHQRruSxIf3,I'll Take Romance,Monica Zetterlund
3IeQFpwe94Ruy6ATBylqV2,Pa' Qué,Los Huasos Quincheros
5dvcw0cB6mEODWsXp3SCdH,Samba Triste,Jackie & Roy
52XTSWl3NtvK6oPA888ESP,Hear Me Talkin' To Ya,Cannonball Adderley
0VG3iGjXVyLzoU7HkeKIId,"Violin Concerto No. 4, K. 218, in D: Allegro",Jascha Heifetz
14V74B6yZXwgo3hKP4PGvx,Fichas Negras,Leo Marini;La Sonora Matancera
1bDEHasdUrg6hnuaZA6gA4,Latin Gravy,Johnny Pacheco
4cAtHg292Rz10DJM6ktEAc,Parte de Este Juego,Gian Marco
3nPGiJyPdEsucn8ELzEBak,Når jeg står ved en bar,Harry Felbert
0pVdI32MhiY8IjHC7ZYWcU,Jiya Mora Dole,Shamshad Begum
7IwW66uhvWSGA2mPO584US,Quadras dispersas,Carlos Do Carmo
3jg48EFxTErsLL2rR2okdS,Kanatlarında Kaldı Bahar,Grup Baran
6CJmQh0FT0UAJvA4Tspl4M,Gialinos Kosmos,Stelios Kazantzidis
06OJGZz21fyc1PjaJzbyrQ,Eu e o Meu Coração,Maysa
5uqGT5WGiIvC3HFpeeS7wz,Odjíždím V Dál,Michal Tučný;Greenhorns
3739SMn97ErSbPg5JB5Dy8,في الركن البعيد الهادي,Angham
3wdsCtuZwfKMS1RmCgwjMz,It's a Wonderful World,Elvis Presley
3ZeiqjgodnKgYL1PA144TS,Prova D'Orchestra,Orchestra Rehearsal
0z1rjB58PVWCoVR33mX1td,Opus 711,"Harry ""Sweets"" Edison;Buck Clayton"
0c6YSCXGZSsupfHK7S6Kbu,Blues For Fun,Paul Desmond;Jim Hall;Connie Kay;Gene Cherico
7fW51mf4MNpHEJUlCMHyFK,Sobre El Rocio,Jose Larralde
3hspYLmql3ImPnk2pgNPON,Let's Make Love,Marilyn Monroe & Chorus
1jkveNFGOReZIJ1VvQjukh,"Violin Concerto in D Minor, Op. 47: III. Allegro, ma non tanto",Jean Sibelius;Isaac Stern;Sir Thomas Beecham
1kF01roghPfWrRv2gJVNAL,"Selección: Clavelito, Hoy Estoy Aquí, Me Voy Me Voy",Dúo Sentimiento
4jMp05sP4CDbmI5YBFaTaO,Dublin Saunter,Sonny Knowles
5M7LdQfurIG70nbvlSAO07,Dil Deewana - Female Vocals,Lata Mangeshkar
28esDV44p70LGwdPKxGZZ1,These Streets,Paolo Nutini
1JsG1CawyxZpHLVFSHqxQr,Desafinado,João Gilberto
2RU6wH1IR14RM0DOI8gvmi,Claveles Rojos,Dúo Sentimiento
5cJkFTQLepvirNsbKnKoa5,Nipsun ja Hipsun joulupuuro,Eila Pienimäki
4YbKfgDzCyoHJpiaTm1Mrt,Boum !,Charles Trenet
5o4kdVKyXC3SF1kFV9PNzq,Boum !,Charles Trenet
7vEg93sPYxCV9ioX5p4Sen,Þorskacharleston,Bubbi Morthens
41st69q6kdaoauliyl4zvw,Heimweh nach St. Pauli,Freddy Quinn
1JKn42baOJDoyYPQYuu2aZ,我們的園地,翁倩玉
3AHD5EORI76DZPb2uERWXU,Alone Together,Paul Desmond
3BQLVCZfyxBiwu6TjthMVt,Vapaa ja yksin,Chisu
75BIMWSUSmDuL45C40QmQr,Waltz For Debby - Live / Take 1,Bill Evans Trio
6ItiHNSADmNmPrF6twhNY7,Milestones - Live,Bill Evans Trio
4PueDlZNZ9tnHjjncSyOWg,The Duke - Live,The Dave Brubeck Quartet
6ky0Ko5tVIjYDSJDb0gAJL,My One And Only,Ella Fitzgerald
2q9Uosijh7zzJAZGkxSuyR,My One And Only,Ella Fitzgerald
1kk6P4FtalNRbqMwd5WsCa,第二夢,崔萍
2pjglEk3fqfi8oGWpCSVOm,Give My Love to Rose,Johnny Cash
2L07fEI0d4wNFcEmMpNScw,Give My Love to Rose,Johnny Cash
1SlNXWsXn9idevxe7aGC0S,Give My Love to Rose,Johnny Cash
1Kwkya7LCHLpRVSbaqFVQ1,Ridin' High,Chris Connor
1QemTLv60cTTKVDMEw2gcp,Alone Together,Paul Desmond
4kSD3HvDjhCcobAMiHHVQb,Alone Together,Paul Desmond
6eaMzledXVtFSzO3K4rxBf,Kapın Her Çalındıkça,Behiye Aksoy
3qi7fC1Wio1FVDRNrBxcSs,Tres Amigos - Remasterizado,Francisco Canaro;Carlos Roldán
20jwmVY9TLNj9Yl8VbKuCh,We Are the Dead - 2016 Remaster,David Bowie
6q2f1z9TJf2hsDUucRdTs3,I'll Be Fine Somehow,Benjamin Ingrosso
4D181JOaUzoT7ifeNyWq3x,Honeysuckle Rose,Thelonious Monk
7czTnRdNVlvuqZeCcY5NZh,"Now Thank We All Our God from Cantata No. 79, BWV 79 - Voice",Johann Sebastian Bach;Mormon Tabernacle Choir;Eugene Ormandy;Philadelphia Orchestra
5zT5cMnMKoyruPj13TQXGx,I Found,Amber Run
1j33elOAPfVDki9DfiwBIC,Everything's Got 'Em,Harry Nilsson
3JIUGcYAFgwtjWy0DClmx3,"Lady of Rome, Sister of Brazil",Al Di Meola
2vjTuYCSbL76Iu8E0GKG9v,Smoke Gets In Your Eyes - Rudy Van Gelder Remaster,Thelonious Monk Quintet
44v1E4mXY4XSsC2O69NwOD,"Violin Concerto in D Major, Op. 35, TH 59: I. Allegro moderato",Pyotr Ilyich Tchaikovsky;Eugene Ormandy;Philadelphia Orchestra
4QK5WwYwZz7t5hmUDyIoqv,A Palo Seco (feat. Gilvan de Oliveira),Belchior;Gilvan de Oliveira
5R8zCYrxzigVhgB3LFMTzv,An American in Paris,George Gershwin;Leonard Bernstein;New York Philharmonic
2robSdHyY8B2AVqCYjcDEG,An American in Paris,George Gershwin;Leonard Bernstein;New York Philharmonic
6vHX0rgKXSvzO09ITbXsLu,Pecado Mortal,Fausto Rey
3ewSxAjIejXBZ7tk5llr11,My Lover's Prayer,Otis Redding
4XlknEqwYzSWwFS69HmtiU,חסל סידור פסח,Nira Rabinovich;Shlomo Nitzan
1p3q7kGwvV6MEG4ADZi08y,Better Break My Heart - Acoustic version,Rhys
7opImrwNkmetyUJq3cGTfc,One Another - 2020,Hammock
3JVDyyMQBu7cuyomsxERCT,Haath Seene Pe Jo Rakh Do,Noor Jehan;G. M. Durrani
5lUneVJSmKeVnKPz8UsNtw,Pa' Canton,Sexteto Habanero
3il3hmbOTksKVQdkAYklKu,Los Hermanos - En Directo,Mercedes Sosa
1iXlMXGfXskX681BvXmxoe,Só (Solidão),Tom Zé
5tjEcbuBzmKGWvSjTxk2uT,The Prisoner's Song,Louis Armstrong
3T0SunwWTKFjtCUrDkvvN9,Careless Love,Lonnie Johnson
50vGTmcEGBMhpUBnpMHgwL,ยังฮักไผอีกได้บ่,Monkan Kankoon;มีนตรา อินทิรา
4MAXuejxl58yCWX1guB5IL,Otello / Act 2: Ora e per sempre addio,Giuseppe Verdi;Mario del Monaco;Orchestra dell'Accademia Nazionale di Santa Cecilia;Alberto Erede
1y51G8UDEeeJH33oob5oGm,"Bugün, Yarın, Daima",Timur Selçuk
4vHtlgjCeYSZwwH4yjsZrq,Samba Da Sahra (feat. Laurindo Almeida),Stan Getz;Laurindo Almeida
5VDFdX4rP5EN3U7UKSZiE7,浮気されたけどまだ好きって曲。,りりあ。
3AA0RXLxVyWQIftW5GYMj9,Vamos Mujer - En Vivo,Quilapayún
70nOFlNDjWDzMUD80yiaUU,Walk Away Renee,Gábor Szabó
5ehPuMV5yGwYBtAgqeZjcY,Moon River,Laurindo Almeida;The Bossa Nova All Stars
3enyaE4dMAKzwWmQt8HEFM,This Is All I Ask,Jimmy Durante
4ETKM3bvxTM3pVCgz8pzcJ,Prologue: Work Song,"""Les Misérables Original London Cast"" Male Ensemble;Roger Allam;Colm Wilkinson"
6KcR5mcZOhZKcRRXWsGkAv,All Of Me,Teddy Wilson
25oBFUzPSVyElYCkSoXv7i,Gönül Dağı,Neşe Karaböcek
2RAchiOIPEDglIX89j6Ffp,Aquí Te Espero,Sexteto Borinquen
0sVcg8I8Mr4MnLcQmttbVu,再見楊柳,George Lam;Unknown
2liGiifmqpHDUkJo5yeAMy,Idho Idho En Pallavi,S. P. Balasubrahmanyam;K. S. Chithra
7GBPpRMtLyGA6svXQMNfIN,Bye Bye Blackbird,Etta Jones
6fqHlcomOg6NBwa25EK58m,Love For Sale,Oscar Peterson
2YSX1xaQrzyHyvi9FdgjJ0,I'm Wandering,Aretha Franklin
765X4F6y4zyvi2MHEqAI68,Quiet Nights Of Quiet Stars (Corcovado),Nancy Wilson
4Nv3GiGBtGFAgssYIMt1eZ,Juracy - 1970 Remaster,Roberto Silva
3wjO2tpCKXH27BNh5mLLbQ,Tum Aur Faraib Khao (Live),Farida Khanum
2VMcpolgDcmSckfYLOzEK1,All of You,Bill Evans
5n7zm9p6GIDo3GkJiYGbSN,What Can I Say After I Say I'm Sorry,Peggy Lee
5FH9NxVqSMCUTAOaocK5Y1,Zor Sevdiğimden,Sıla
13OBs9VzKVFVVNUXP6tvuE,Arroyito Cristalino,Rafael Solano
2v6Oi2EVppPSg7hGmxXyzm,A Touch of Berlin,Rolf Kühn
19MkwMrRjO7773zpuGss1o,Shake the Frost (Live),Tyler Childers
0NxpAry2NrumWJ4GqMoJcM,I Wish That I Could Hurt That Way Again,Kenny Rogers
0jlwrasRtkJhf97llt1Nkh,How Great Thou Art - Live at Midsouth Coliseum,Elvis Presley
1rsCpVcTGy1UMpxaE4S8Pu,迷戀 - 電影「戀愛季節」插曲,Tat Ming Pair
7BuLwy8LBBgOS7A9sM0pi6,"La Mer, L. 109: III. Dialogue du vent et de la mer",Claude Debussy;Arturo Toscanini
4D9mIMok4elvArFOJfqNIR,Tranca Tu Puerta,Conjunto Vallegrandino
4AWZ4e48q09PxcD1BFIOGx,"Love Minus Zero / No Limit - Take 1, Breakdown",Bob Dylan
2W1kX4SUXsYC1xvwex2Qx8,Hexapoda: No. 3. Betty and Harold Close Their Eyes,Robert Russell Bennett;Jascha Heifetz;Emmanuel Bay
0DJI4Sr8X2oiCLgTXkD89G,"A New Scotch Tune, Z. 655: Scotsch Song",Henry Purcell;Zuzana Růžičková
0yVovOZGZtBXoZQr5gakeb,憂一乗,ヨルシカ
5xPFuODcvLCgL175wKFhJz,I've Got A Crush On You - Outtake,MGM Studio Orchestra;Johnny Green
6tGbfxdby13P8Gx7Uv4oOz,Beyaz Geyme Toz Olur,Cengiz Özkan
6wCTeqOpfzec7P4LsSYv7w,君こそわが命,Hiroshi Mizuhara
5ToVOcshgo8UDY6vVymqMS,Speak Softly Love,Matt Monro
1egJTfhPxXVsfF5Gg52ptE,Speak Softly Love,Matt Monro
31d8GOgTvzxieRTjWaJH92,Bolero Medley,Celeste Legaspi
7EnvBWH2IPwnEhX7UOrJTv,Um Homem Chamado Alfredo,Toquinho;Vinícius
5uc5t7OH213VgoVg6F9Oy2,I Gotta Right to Sing the Blues - Remastered,Harold Arlen;Eileen Farrell;Luther Henderson;Luther Henderson Orchestra
0cin9gXNWDs9uO92CKjZbb,Bad Actin' Woman - 2014 Remastered Version,Jack Teagarden
2YBbdAcx6QtffsRfSeRsni,海闊天空 (大馬版28/05/93) - Live,Beyond
4Ffi4LkccbUcekW2jRmIjZ,安里屋ユンタ,Nēnēs
5BbH7epHJYVK32fZdkKEcz,Who Killed Mr. Moonlight,Bauhaus
4iEJyAwf1FLU1ZNIHoS7YD,Stolen Moments,Oliver Nelson
18R0YvbpUMia30pL3xYA2Y,Stolen Moments,Oliver Nelson
6rKrDOIMUcUltM6ljTR7JQ,99 Year blues,Jorma Kaukonen
6WRvjCDK7HCLp33OeUFJli,We All Make the Flowers Grow,Lee Hazlewood
1S2aPkVVgXjJv9PXRtR8Gv,İçin İçin Yanıyor,Nesrin Sipahi
1upmjysqv4P7JVGWrginDp,Le tracas,Said El Ghamidi
0S8vDpqHLAx1TXn38LwKEB,Sinfonia (La Cenerentola),Gioachino Rossini;Umberto Giordano;Mario Rossi;Orchestra Sinfonica e Coro di Torino della RAI
7aXzdlO2yY6QnvulQZfEdh,Hibou Coucou: Dans La Forêt Lointaine,Kalinou
2FagfSivDOdl31tVqyJclt,Tango for To,Nora Brockstedt
0Wdt6FTJxRTbESTIYdJDlX,"Symphony No. 4 in E Minor, Op. 98: III. Allegro giocoso - Poco meno presto (Live)",Johannes Brahms;Wiener Philharmoniker;Wilhelm Furtwängler
11liB1PI31tWumWnIEWYxl,Another Hair Do - Original Take 3,Charlie Parker
1g9jdqu6CeWzSkL609gaMx,Dağlar Seni Delik Delik Delerim,Belkıs Akkale
3hV5HNF7iSS7yGLsOf9lIG,Pela Luz Dos Olhos Teus,Simone de Oliveira
2s5KXah557ZFxVXds32PBR,C'est Magnifique,Peggy Lee
0MODAKCjJtRONL8vEcDc7K,Você,Toots Thielemans;Elis Regina
4TAvzGjkslzvEFjCQUS5vA,Air,Cecil Taylor
1mFR2pSkDZ4WyagIS5GJj0,Smoke Rings,The Casa Loma Orchestra
25t6nGrCaOrOLX6fQ4HNTI,"Everything's Coming Up Roses (from ""Gypsy"")",Ethel Merman
5NuWgsUSwcwAo4pBU6pwKK,"Rhythm-A-Ning - Live At The Five Spot / August 7, 1958",Thelonious Monk Quartet;Johnny Griffin
4EPwpBN0t11bIxjsAI8oaF,To Love You All Over Again,Madeleine Peyroux
2hcdqqODepF16Z0M9UE0NF,Let Me Be The One,Carpenters
4ALmTaNVqRZNjvNaeopAMl,"Gloria's Step - Live At The Village Vanguard, 1961 / Take 3",Bill Evans Trio
69mu4oTHk7OacX2f5K00oh,El Martillo,Victor Jara
3pbDlMvvGh5V2wsASzfHS0,It Was Over (Kev's Lament),Kevin Bloody Wilson
6c80rzvhrsLZCJrAWElx6W,Легенда,Kino
1Dy1zTcsjdsd6JUVNBLC3R,Inception,McCoy Tyner Trio
5riGiXOnsLgqKvgiPQCxpu,Messzi Út Ezüst Szalagja; Ég Áldjon Árva Földem,Kaláka;Szergej Jeszenyin
7t7jQXStfDGkZBxbKMXwV9,Tengo Todo por Hacer,Leo Dan
0iKVpfhxUCW2EoibH25jsC,情難守,楊燕
4A0mohJRNSTF4AVMFNYEYu,"Concerto for 2 Violins, Strings and Continuo in D Minor BWV 1043: III. Allegro - Redbook Stereo",Johann Sebastian Bach;Sir Malcolm Sargent
217pvRsfk1XVewfhJCesXB,Zamba Del Cantor Enamorado,Hernan Figueroa Reyes
0etJfI6YwMGI9lTkfpV41m,Sabara Sabari Bani,Banikantha Nimai Charan Harichandan
