0,6dzVD6fqoenOyAI06Iq0OX
1,6siDDghVE7fxel5o7fE4OF
2,0lzJRuSG0bhtTkEBkfC0DD
3,1oOUzrDq0jn9nbxHpSEf4G
4,3cYXcZJpUZKnw2GwR1APaa
5,6A5NlmBCsCGbJ27jHQgKV5
6,7a0yeeNookEFR7YjYAhyrf
7,78FTtFy5ewpz662BAZz4FM
8,2pEYD6nWRDztqLRffmOVYy
9,1nNz91lUKUrjC7HJcn3q1u
10,5yipV06AwR3IZW7NdeYbYn
11,6aqd16h1rhmvv0SSTPqYfz
12,5BbdKBZO0TH0GhfxUfyhL9
13,7ngpjePyktPMZtwRi1wbfF
14,19OHwg2QWgVLv4DhMEJPC0
15,6sfV227Cq84U1mxsYB2C6D
16,3suvu0cizxYlc4cIfDwlRY
17,1LkcFs4DMjilOF3cPmdDYV
18,4PzL21NLZPvmOsULmp9ryu
19,1qLr9Mg4uFN95kc3f75Bpo
20,0k2GOhqsrxDTAbFFSdNJjT
21,4OVFkPYP6T8IARtkeMsx3p
22,4ERsNYkiuw3tM0eSl6jxv1
23,2MUZpKO4mbYKMfBf3YkwRF
24,6GkUCsN1tEH24jobKl0yP7
25,16Em3mIN2ofNcJP0TfyLRC
26,3OGhAh9RuI0BcC1oBhiTnz
27,3QX17YqxUmbVX8Vnj42GqC
28,08Xwv7piHwmRsSLdfgSpzm
29,1vMqZszrUyY8v453GN0G21
30,4BYO8KU39k40yaRAwDgyUs
31,7uCjQyyAD0Axdjp1ZfbPp9
32,51UVu8dAKalW5eEc0I6Fj8
33,31KSA9U4SbUOlrjahunULK
34,1UWLUEAdn9qtaqwYo2RhQV
35,5HSEEKfYYfzRddHptg74RE
36,0XWWB8BHUzkPF8CKneC8UZ
37,0svvvbTUgEy79F6Sxweyjo
38,61mD0t9aGpTmK5CYukAaFh
39,46Syw1ZCMPtkgQP2dGx6hr
40,7uhB31DFrsPEhyZ6W1dHvv
41,4gWHlbi1BuFHXm7f6BO08i
42,3BGzK5ow5otKa6mwl2XtK9
43,1r3myKmjWoOqRip99CmSj1
44,2ymHLvF1WcSLmwN11xDi6s
45,7HuorsxhHwQlZLdc6PmQuC
46,3VPOZWtj8mM89IiRNygxgS
47,4dlvbtIXbeBntYp8mQJULV
48,3dHuioB3G88EKsiP8otWdn
49,7hrPCnodGyujkPusquA8fS
50,0H7hXYunYYWxwcXQsfQGaw
51,7qtXUeGvtXUp8esH8RqSKz
52,758P0zO2goHiN3NA5OW1Qe
53,7M596XaYHR4lJ6s3eQARjz
54,3BqfHyw9cLm6POreivziWN
55,0zvmdVqVekWfgqB0Ue3zMp
56,52fDbu9pKpHBZf61LTQiN7
57,3wJT0nUXiJZc6lho16bYOp
58,2zOWuWdyuMqOoboNRKlJO0
59,7dyWwtPsaL3ThtPtkA4oQK
60,0530i8KhAfzyJfHhjlSlUS
61,0g7LwqAcIgj3vpnttJcy1O
62,5pIaAkHJ928V2LGCz79FgQ
63,2qeESyQyH7MRHCBotCQsNq
64,6NfqYh7rujA0HOLhYhJTSJ
65,6QmvGtapHbSNolhCzfZGXZ
66,6OmLK1wyUwf3v48rD8kVdZ
67,5tPzYrmxcQqHlTDM9bMrHv
68,2zMd8qUxjL1jXi2h82mDfT
69,7iStp5ZfOYpabaZw40Xdqv
70,6swHvavSroD4ur3Q18MjYz
71,61uUw255Ca7XDIgOsexU5f
72,4Xjd2QDN0SkLMbE6oLeBGe
73,3jnw4c0qCQzSp3Ozmohp3a
74,6yecmEZr6eI8L6P8MLO861
75,2R8WBV2UUzYyawXdhkWwKO
76,12Aw00szLy13rWEKfOVZp3
77,2bHLKpSdVarDmfMZFabaBj
78,7AGK8ekSavI8oatFnacIAd
79,3ggtU1ZOKO8ZNiqPNyXGcm
80,084MlnLPPlJWhMb8H2bokb
81,0tpGADszAcRk6HTQJeEzmv
82,3CzCYGR8MfrxFq1Fqr70Gt
83,35EjeiSultt0Ooo7vKM8DX
84,19eAlqaKQu6rBlTT7cF7nX
85,3qgZBj5nDqjtmInvI9k2RT
86,1xew4s5581HZOaES46OSTN
87,7jqisOw7qjQLqakapP0wsP
88,6IGA5YrFiEr5ANrMqKkR6H
89,1oxOiOjsi7plNOZEhoPLPj
90,5FPaK0UNFA124uvUMJgIFE
91,2mvJcki4oKTaN2Z7kQz5HM
92,1OlCdAM5kD9WTxR2efAXrG
93,5u3eDu2vNUb4CZhaznWDmh
94,5Pm0PILfMC8wknshlFNJ6O
95,4i5LWLaQNJgRi0EBEwP7mm
96,6SSrcp1m3h8hiPDTHWV2MB
97,7hzlzoOwCZ4D3Ow5YZK4kj
98,3GOZV32PCMZBNCXqVQUKsW
99,7FSUSqI5Ea1z9XmcMoMGSu
100,4ZOIzCENY6Vzfnj6UiVaVM
101,6K1WK0mwFfLlQ7ycJOBlNg
102,178h0HPRRgLqrkNCooUxpg
103,72LitydetiNVRQhhPzsH11
104,4VugOAa3fFb1Lq6KHXXF8y
105,15ZDD1aPzLMKSaSVzRvQCY
106,47t2VBAYtI1ofzEbgiHQ9Z
107,39lqrU1jqIuEHlrYbbMLLh
108,4KktZd9BGHZjW3sK03O4zo
109,2PYwhRnqlQSBIvNeuQCxI1
110,355bn96bz24cQBcoKDVjGe
111,1XEHH99mnifjhtzxKrHs2v
112,1rCcsYnmqbMYdkG7kS9GC5
113,3CUSlPTT1RNStZ3MzTQAr5
114,687anwxZ267LHbA4bw1Enq
115,3bo2qbXAQ0hgKdq1CgnzB7
116,2Hx1GvO5gS5fofG7hhryxt
117,63Kd16SWsBZESL3obP300p
118,0qUlNrJSXzvOvSCOqVwZdc
119,5TBEMrbq8GyWpVfIIZK96Y
120,3xKVuJRbkIEjwGlV7KaCRP
121,5j8YXMc3svebvBVue6h8De
122,3EDS89HeAhHiZKlljciK0a
123,5ZgS861h07qmsAIrfsrB0e
124,28bSOChAMwPQE9dxBmhAGA
125,0n32nnf0mNmJvSJnAXZfMP
126,2QN4z2hfGKoQ3XceKRTguf
127,6AmsdslYqV6gTUdURglife
128,70mPF4cLf6RVpF2t0dPvpk
129,32HwMdkZuUmHg9uznhs9xM
130,0O5HQseM3LsE5tRxkbJaJc
131,5JZGcyxf3Pl21JTHerhxMn
132,0DhU7COvETZohfmC3vg3QP
133,21OlSKwKmQXKpQZJwwdqNv
134,4SRyrhBJ5mq8fEa3bsdZn6
135,2mpAWzJ5groiSN6vxml847
136,0pEIMsURAXYaU6DjN1f3L0
137,264b3qoi07fjK6KxLuQ1NP
138,5ZgeeXOHGYUn0K3kuICyw9
139,1CGhHQZF487xpWITQW1bam
140,7gY3cyGcB2wnk2xDXiA0pe
141,297OGkUstFtVBrBr87jEoX
142,3KcRTivsw7hbxSRMGDtsMS
143,1GMufNnkKAnPLnqKJ5HHxW
144,4Vhvlhomv8fTp2e6I4XTpe
145,1uPxJtbhbOuPWwV22LPfp5
146,4O3sAZoZDIhNRcfHNuU4Ps
147,1vNn7rVQT6UtEW1NGH53fT
148,2tUxTQSGGteM7HljpqWU6J
149,7phKkEWEipo3sDrZJiG9uJ
150,367eLNtnLZZMup6YQTUOtj
151,5D24mVHltrDuUEDEtUapSG
152,6hJosxG8fjDNBUSW9QDJ4z
153,4Z6btqceaS4hl9UZaViyUW
154,0Agadw8OSRDlx6ngx9dMxN
155,7zPkAwTFzhcvDFsenmloFS
156,3Ea1CNsTqBY4RtAESrBeNI
157,7Il8QBxXLtg15zwu37qeHo
158,3vKmAe0pbwkW3HB7qZ1uro
159,6PQ3dWcR1pUkinnhni399W
160,2B7UWqNqKgPVGQQ6FXn2PP
161,4k18PD9JNT48dIFDlxyER9
162,6n7rJUcwmQDestMYXoSoZF
163,5tf1VVWniHgryyumXyJM7w
164,3NFuE3uDOr6QUw9UZ9HzKo
165,0eUpCmWGJ6yZuFawkz3jgq
166,4aE7oc6DyiMvNWutwblivY
167,1XwR2Yh55jADw1Z5KZeJ3k
168,0Fv1BhESkVabGfhPy3vDbV
169,3bnS9O5Q9Zn9MD4Z3zDV62
170,5ZkowMiP300a502Xj5W8Y7
171,2UPfH4gMFBtidNrYTLvkv2
172,2jsT33SqnrFbRr2LXeSMC4
173,047k6SOHSQJSzogLYJyRyQ
174,7cgt1gKHwZDRJHFqhC62CB
175,0bU8DmAXG0gxJQkCwMAelc
176,0jefzmTNGgqmxVgMbNWdOa
177,6r00Vaz3UgaK76ptu9S7vs
178,2UU9ywqY86wdI6GTnRHlhg
179,0EC2lYMM97Vghq73ZmyvZ4
180,6wefD5q8rXOg3xHTUZjyio
181,5tAa8Uaqr4VvA3693mbIhU
182,30oulfBS2vZcq1wQZPXlQo
183,2rwfaDEdVSaAJTEfcVbkCX
184,652917llkbyN8svp2awkWC
185,64kJ99RL1cKnmaXeJ8WqR4
186,01iIIgdoDuKn3yaNguCMmG
187,1VKtyRrsjUC7IhheGw70QT
188,4ME4N9vRZvk29ICuNunlHk
189,5lErPQ6LkfWJEY6QOawd3z
190,6P7Uodyh8g40Nyc3no6R8E
191,4sXno1Xdh95NPsXfXGQG5R
192,4mQDKx1Ig7kRbFvtKfxoF9
193,2JQlsdVy9bB9Otx8lxsFKn
194,6rKLddhJXAsHetL8rwqjnJ
195,0VjUD7CrYyXXRNzL5ibpj8
196,4wbwpr0XVY7QJjtkTzE2AQ
197,54RbDoQ7560yiZbXRhrXHr
198,4Hsn8y4PcSU6bm9bLB1gwy
199,3brzKuyZbnU1cIHG0UIDcq
200,2LihL8k1OF89ux1p0b3q1F
201,5ifXbB8Hy0ZaPN8h3cSnk8
202,7x8xBpqy6JqOqJPqCuQ4Er
203,6lpBKRvJ909YPqu8JriYNs
204,1kmoqXFfrmcER03cNKbuTm
205,4eB8rsNNm5791m3uvEBNLR
206,5HeKtNkRSyNPR4HO1N4a0E
207,4kCH3RFsLIJECOOGZY6uzE
208,3S78QFc6We2G7UGQMoDSg6
209,6BbGZkEZl8OCvtElCWWgT6
210,2mu27QJOrnojzzPdLXIjbh
211,5QjtDA7wmXoIgTFfXNbuWD
212,0ihguwGVwKihJ1Nj8fGQlY
213,6njPPYjix6abiHAM2fhdPv
214,5WCilecRDzclVGuG5qMwKX
215,2nCmCt4B5vkabS0zeOuc1Z
216,1LgsPo8PyEEnAb33ZEf0n2
217,5Rn8nEEthz1qG74S1V6n4M
218,6n2eIfLj0wOOUkUfNmYzlh
219,3CWgv82JBVeL9KX48BNLmb
220,7A6iCvA36tfeXuMHXa0hLD
221,4v0VS33GYfTje16Q0ArRx6
222,62uFBUxd2gnzbVUCnKERxO
223,6I4snLrVOrJsLdd43isc27
224,3O9zeBmAi5JRBMSpIQGx2v
225,1P5pAqaStPAKDfXzy1F6xJ
226,5UbcSIrI82eE4i7OndkyFG
227,2fmeSswdyVq4wcqhY41UHk
228,76UTToAC4uVuQZk0jMCwEb
229,5vnHyf7nm9NWYbIWxEa5on
230,2p980qlVXYLh3HdHusbhfa
231,2UEZslte9D2RhlIFQ4Nk0M
232,0OFQwUVOYXn4E8scJq0PAc
233,7e9q5esVtt8LWuh8YoJBR0
234,6Yp6D4aTJZTSUDO45SHS4T
235,4qQcwzzUTZcRSlrEk3jmmJ
236,6sKjRVMucQywTWKSyxdOrE
237,46ydq5g3k17iLJs3qMDvO6
238,6kLKWa9skOR4s4gSVKcXMB
239,7c0ncH3ZdBCzRFCc1FluQ2
240,5fW4TKcWuk4hgasD60JyZv
241,008AiA6LdgIQVtIYn6r7x0
242,0sLc09MdZRYJ5Bw2VXs38E
243,2CfK0v1VqLLNSYgPVzRebR
244,0Lx1DNlxhaDQuzUm7ArAB0
245,7nH7IUXtgWfcdlWcHmFIcr
246,1xGeJ6COhuLc9TwUCWyWgk
247,5DRiapbEWIIEZBcB52jbll
248,7ptJYMKI7Y1iWdqEZtBMGE
249,6AOVm8DxKYBtcgo35DOzss
250,3atvRqqBp2qH2KFJyNO5Ff
251,5Rsy64I6WsLsfuM9nsqR4t
252,6Ngkwo25E3UedCKQhTf2Rx
253,6Cc4JL9YlVSvqCOxAWgrRR
254,4RVtBlHFKj51Ipvpfv5ER4
255,3HnCfil1ncvxspuzRuTz8R
256,3ZbgkgDoZ0e9CvhXYs2mj6
257,6ttwP1hRhvbcmFSuU1suaK
258,0MOOl2LWAWkCWlTZJSLhLZ
259,1mF1plcm8jc5sHwxaZAu4f
260,0WTn950jN0O4BvVAKf1Wlo
261,5qL2oW14GujSN7qWqN66C4
262,1twVnGu1kyEW13KUhFnCtw
263,3y3CmDLfbu1ddwrS2YJGtb
264,3KtKIcW7N0SmFQxvztXaUM
265,6grMPMRSqmfG9cTFMN65Pd
266,78897MLa0W2beOeYRktpeU
267,7oiEukhXo9KiDW9z3B4RQv
268,5QfoLCbnxUKcXhx2j9hcuX
269,39lS97papXAI72StGRtZBo
270,3fV2tX8NDnDdIp8ZGxKOMU
271,3vQkUVT46NjcH9SqYuQIVT
272,6XTlSLlwCMu05XZTSDVl2o
273,62Qnntv9pvm9kLL1EJR5f3
274,3PzzaYK8NFBZskom0ms27N
275,5ZUeBvBEH8hpdLMW3yCmHb
276,3hTUryaXa9iKtu0ES6EQeu
277,3KLicEMciouvVB7la7Vg4B
278,2gtp0iqB5iRtIoHIvU4sZk
279,1TyoObNM0Bk0v4lHvPEOBG
280,5WqnEf32AulJM4BR8BvlHx
281,1wk51eCmkrlehF1jlVHYpG
282,5AZqYHC1vvBnrFI2MslOur
283,0rPR69G9HEELU7rOP5Vb9u
284,6oyl7ELfrMqXLhGmIjXY9R
285,2hXMXk9oDfndwPMg3Fqmmj
286,3H2k1zO6ULPqtvOeGB3lf0
287,6Xg5Fb4zeX8PYNu616N00s
288,0b4YcVS7Sr0wO4lGkwY54T
289,3JusJKjcAkPhgMOtbuEnH3
290,7jDuG7m7noVHk23nYSY85C
291,0ArCOqIQ5rNIEg2YZYMUou
292,2AwB7GzbVzRPItzljImg4C
293,1UKdrdB8kt9N8SQ4nJNRnd
294,1uD9Q20YIl8OmGXaiIz0ug
295,6ouQVLPPEplvVA62uXh2ar
296,2uOLubhbj02hnelPTNRZvV
297,2xAFXX3UBBGFYG7ViqmXuQ
298,0EYIDbETAhEBJFINmswacs
299,3igYQjAZ2VzQOpH6YKZv9D
300,2ttS1NOIQlKu2IIWnT9Txc
301,6DnwRjYJ6nTa10ocAsn1I8
302,29lgEr4woiquPUxUj16lqK
303,1Cirj2OMs3qMvmOAQhLZHo
304,2kk2L7h0qAsBFYeNyOiU2m
305,4uHs0TfECKllxN8zeLWqJu
306,2lzO86VqqzApVbMUy1WmUH
307,0wLNTRg5WPJKxoPbIxPfHl
308,2nQmN76pDWFfqq3qyf61VG
309,3T9CfDxFYqZWSKxd0BhZrb
310,35Mdf8qgrpxLriuc9TmJCw
311,4Y6S97t2Cp6lAfgG5A2xDM
312,3NdF0aaizu6pPLSAl2rSxI
313,6o2fZsN1nC8Bf4k2O7Yiuj
314,6i7yEl2fWIrn7TlAfmqtSZ
315,7r5ITz5mRKeu3B7X3RswMO
316,77O7n2fD7Epppt9yLVY0Ch
317,6LvfPTBltFJixi40e5uqDR
318,3GZxTKyqrk0qOys9msaTpU
319,6c42O5iZ4V93imudNCBYRU
320,2BEmprgjAGaFbBFrJAMj5l
321,7MmdPoRHlmJILQkS0QtNMk
322,7viWxZ7AZdScCC8jtSMtU3
323,7qqxZi3lnnNNdoeUOwzN6g
324,1Mkqj7lzLMBMBw9HWbZ7xy
325,4egTUh77H4Zim2gwMPSKt7
326,397A58sUsAVNZlvriDmfl9
327,08MMIHUj9iYvoAO0QXHRFT
328,476j7IDRIDRvv1Xu71EVc8
329,3esCdZSiOake3XzrnG2xDf
330,7IA0U3gv9XeOKP51AWzvwX
331,2GhboGOQfXTIUpFvuSzYgf
332,0PiVJwdICrm5Op2WS92vT3
333,3NVa3dy1AEWtcEMymOiGgu
334,5R83IwaawDYinIPXbGTsub
335,1NM2qI63ylqg62yxpEvTXu
336,2u1KgXhgMvf0aFcP3Yy3h3
337,7w3DI4aaFM6cG1nUx11U4h
338,1591zSWxS0xqHniiIDowDQ
339,5IfSb6dPhcUPtrAFpOKJll
340,48pyUxg9RYuwie5M9R7qRn
341,2KhD9somM0NUFV4guSFWCC
342,18W92Zm1KjLCbUIszOhpkD
343,47HtKpfzpAt8rQjjXWotFj
344,4SJIVblEnmdhUHnCjanfsE
345,1NpW5kyvO4XrNJ3rnfcNy3
346,2exkj1jr9qARyZvRn1dKZp
347,2C2SY9l26IT3guKqQoMMSr
348,6SNKxdmvSFKlTK0HWchqt8
349,7uXQAiHezf6VR7txWkS86Q
350,73A43dij6veCWPRbwRXl37
351,51elpeGtInkiXyiuEPXERb
352,0fdlRexQbBgJnHHpbICPHS
353,4vNdwNZkhDhGRBVjV18l2y
354,29tIH81yDrPA9N7QdcOPJV
355,7ql2RUmAmj36tkMUNWo7MT
356,20brZzPWJd3MI1dSXbZUXn
357,43ylO0Db6hoOLLejfGRAoE
358,4dcMymOM4uDaH0NrwdktgN
359,27BMLvWD1TYdosiReVgbAt
360,5hmOuIHkr2DQnIVEinfYff
361,5lo4D5O8GEdnTGwyVRdnRd
362,0uq88T5irdgDj8myFCcu7q
363,7k5EcszNwUturoU20TTy1G
364,4db1FXwP0ZOPvEOYcd99BE
365,1hnjOwUFEK2d5vvhk3geyQ
366,6JikuKcWFuPPC4MyKfvkHQ
367,6eG1dl6sQZHGE4LbDdkHVJ
368,5vuwXvQTpavYCgcPFnCMS4
369,2YBcpGHHvg9vfCosDvTeal
370,3Z3TQEwsPHL5xQc5J3Mx6F
371,6EHlhVLXuKuiGZZWibyeYi
372,2GuquvGZByyzsWRvzqhQKN
373,3BWnXG1gPGGALNkt44dvS1
374,1029DpUbgEVAhc79ZgE7aa
375,3034DMSoT43i1Mxu3SONFA
376,1xSl7uE9De7aLDEGXahCJB
377,2xCGvTpbJlklytH9g9NAKs
378,17qZsun9q3L8ceIa3kPz4A
379,7xRfNTW18gIo14hSwR3zOf
380,5uGjeXi3epIE8N2ITkxIQ5
381,4bE2XlpocE4RmHdUbXXQGt
382,6qR5LhQ3vWE3qYhbaTWrUS
383,20vxgVt0HP1JCEOjkJ6C3F
384,5ZCWncHsrA8aHrsdcxSiAZ
385,0UZ94H0b3ApOWX7N79tw8t
386,23ZC588Rk1DcKS66bYuZmU
387,2W7CvGjipq3EmHqNGN7lN9
388,4oiMlEKaXrVLAl9AyfEMeq
389,1f7EksSG9CeiXbjGD4zUga
390,2eS7uLObZBB25voB52Wyyl
391,7t6bdV8HvpPlUMeB72XTBd
392,4MSGi2bXPFmJntGzDsm6eO
393,3vTNoUqld05vrA7F3aVxej
394,7esAWY5aFUAGi59jpf1qzy
395,6AZELCmg1RWmRmfOEkqyFj
396,0cJD9JJBgj0wvID8qCazVh
397,1kwaXKBulNSKPZbvPLfO3c
398,27BgDmciSjoxTG0almHTpZ
399,2DnWxQCNgg5LH7yauGJiG5
400,6Lu31bfICpqfkBjRzI2j8E
401,74z0dvWKV4qQaymHEelQj8
402,1t7SCuYauMUqu08YjZzAnP
403,4qcPGZahmWy6OHQ8Iyvzlu
404,30oZjF87SHCd0CE0ttGm5U
405,4uDLKe2WTunAkZpyRUzR7B
406,0J7zmRI6sleoO6O60Ijq6m
407,3mJAj1Xrywyh8BCzzJb3SO
408,7oTQKirn1QKQPBk4J1PWbS
409,4NeHnnZdSa926WwOo0dQxM
410,3COacFoBF20JMBv7nIeJ2B
411,1XyL3J7eTTKnxRZAM3LqIT
412,0PMtCsU0JXSWB4yX6KqGXE
413,64VW1OdsyLS7xQg8LRNqLh
414,1f5cbQtDrykjarZVrShaDI
415,6JlaxgUbAlA8nsYk0XUnKv
416,3NKCWBT2uKp8rxSkcvIrdX
417,1zxrcAk6eiytfavqriMcKT
418,2LNMhZ3YijTO7USmqjgJfG
419,35ZgJXAkHUZy0ZtiO3MOr1
420,00yZRUcuVx4NZrEsxrKAtY
421,1zIXlX6CysXGDY7zQ4Cvh1
422,1OnHrkXRnx731AYCKtd42a
423,0tF6Nz3mn4SBOabGg7yAza
424,6cO29Hj8eVmA7NAFtEDnQ0
425,7ul9NQPHDkCj4pEd8qCHuL
426,03NRcuj1QaCKtQgNs4rPqH
427,13S94fbOuw2M66UchaCz2k
428,22YxbzZ9WJKR0fMHDuX3GZ
429,6jwRxGmRA8o2HwMUjmcPkt
430,3wms72Uwbi40KXE3moX3cf
431,7bvkG26E8CJK1AkLY3MiSv
432,2XlSx33jLIXsqv4CkYxnGW
433,0mm4L6d3MreqfmUhWRhULi
434,4iMdbdJHX8nys6jD8X8RUJ
435,0gIspzcmfUWg5tbXB9Qavx
436,0umj3zSvQai5w3bwEmozpg
437,7ihOAPfUkJPrIAiQEv9GfW
438,4slY2RUgG5c3Tyb0bNI4bE
439,1aPLin9tKYxT2TZrAg0dbK
440,2kM7IhB8JaqjGItde6iSoZ
441,0pk773pLv5pZlILQMHQxi4
442,6rFs9Dl4NnFRxgt0Mvh3Xh
443,2C81O6CZK119jkRc2isJLs
444,1SUpekAe5FF89mw62jT8Hs
445,0EwolAxaweC2ptBlzDHYo5
446,6WGvIhK54ajmod6oLgQ8oJ
447,1VCpw7QZPkeqJgQ2bNgG67
448,7pQOZcGfNoBSXtboKH91AI
449,6q4ANl41HtPXi8g9xGIYD3
450,33XRczvoe13QrAkTuVtje9
451,6MSuMFyOdoJMAEgvnhqbRu
452,2nwQaySLmk3b3izJQDpsaX
453,6na807uSbIS0E2GUL1d4HL
454,1knwVMSX7jeFj90xxOFa6O
455,2aMVyJSuDFFL1sTjJnvk7X
456,7H7qPPRh373hwSQG1K55Rc
457,1ytzecQIGpLBfZpwXMCX3m
458,3L2Edae98EXaxsyCPQ63Ih
459,1EgKewvITVNQpBXqXsuGTO
460,0zOSFcvuQ2qAPgTqI2fw2c
461,6DK2HcUpvnOmTlGcemlkfQ
462,1g0STNvKUEKK6xSFOcZKVR
463,63BTIYL97Z4trBoxfbMapo
464,6fYaAtzGmF5KVHPmRNzTqF
465,1D4nCL7N8BYhGq8Ow0id55
466,5xKovpSlp7iKLMQTwGhOaD
467,3ORdtzPl5VWmlO6a7HjXHu
468,6zC0cjW2lQOxtGBypiDJrT
469,7fyiYhn7STpHvT5g0lbncC
470,5lrA2NzUxmBjKr2tCZfMtl
471,72HIQaJ2xhtqCQ6tkMN6Bj
472,0EeX1k17hQHvxBhXMaP3uk
473,7LfbBcmbCIG9u7fpV3x7DI
474,7h5JV2j5wEwMP2hQE12Nk4
475,76SQ1MeAThYnjO9U9v6zZp
476,2Up8QSKRV7WnZxZAQasEUq
477,5uygNVRnoE01sTv3oVFnbR
478,6UP3eoMcJDoEssjjHqAdjn
479,13gltpD1KL3Oybe2Z8XY2o
480,3Ys2PYl1wyPKQIwyqhP9cQ
481,6nbnUSyZ4mVfzJo4PIL5KO
482,0Qqrehp0IC6ppqIUz6mPCe
483,3PAe6KJ2cixHv4nTMc3tXV
484,4FMYawPobGOVURtUDCRZaz
485,6NWS8sWvqO99loJxbpDOa1
486,0pBBiZIVHbcmHbwacGGLhR
487,0FOmn10EFbSNkI3kc6HKFk
488,1YNX3GbvdmuENbpp6bcrs3
489,3n8XTrqVFy9MmFQOVeTK4z
490,1v7FqsiXIMA8ISBxJuwRoI
491,2KV7Z8NrqJTSq206nKiGGf
492,57T1nEAUura1AX0JgJDVDu
493,190bU2hiwo925TmptMkj59
494,7LjEQ8GsQiUNVakV6TZI0e
495,2YLP0cuhjGLzn7Moj6nsH1
496,5Y3ItQ4r4sgw0KvHxP9sbt
497,3Uiw687ZvYBoIfHDKNdYGj
498,04nlhW5yUcW4dDvHhi0Hh4
499,3z5eL4hQXaBWxSWZUTwI4e
500,63iCb2Rm8ihpTWu8iyvNsO
501,1hjUJF6bDZMMQnXmISeasf
502,0HtKLcWvxgYnyrr8OSE0Mw
503,3yXhjFCn4At1DQwdx7Ju6r
504,2FMdPLGFYZeeWqTwxC9Qo4
505,5qllPTmhbWY72bCzuNqBbK
506,4YeKAwFn69ehnciOfi7Sbf
507,7eXrGBrl1mBKhxlWX0IoOQ
508,4ATHPw1U9BqIxOBa9ftNTT
509,30Ebf3cQKpICip7q0xjc2n
510,1qDlr17rm2uAAJIDOSeVLj
511,2XgDctADeADnm6wBCWeBXj
512,6dIkGt6uqJefvlVamspVFC
513,1BaCr6PSmwFmXXQu54vfTu
514,6YkzhioOTil81OjKBLedIc
515,63Wjjphm5zUJGnMp8Np3Dc
516,2bgzjBJcfn0r0HkJ0N2Lzx
517,1hWYMEEmtdYA2Fyp8r4D3z
518,1y8vhYug05asslmpY8bFel
519,7i0f3jhZMdGvVg2XrmQfKi
520,1HGx93pfVPwB52Lm25dm9h
521,5qYAIfuHKyRJZDSSSw3jWq
522,7BrhAw4AnT8p62zqhCSW6O
523,7qh5a3izeitXDC4kByQUGx
524,2cyHQ27FcUCx7OKpiZHuBW
525,0l6c7b2MPqSjcEXW4xUAxg
526,5JYpSGgQlRpFpn44yXJ3j1
527,2fY4RMsZUohBLEIH308TDT
528,2EnEfuRru8SJCKhR6N8qzO
529,2nMuIk8FfRsSNUogTk6hJN
530,2cpsUUHHLQvFCcPv0GdUwa
531,5lylTIELvRSbDYKQyrOWBa
532,5mi7RZUIG5kxPAL0PFFtTE
533,61fbKInmWBIJQyUexcogQC
534,030s4VNEQA5VyznLeCuqfY
535,1v47a1IwDCvRCiSKiFgKaW
536,0uFvvXbmGIXlf5ZgtHyYpf
537,5WI2ltQIdwgzf1SNE76JyR
538,5i4PsR8i4Q9AoIGR7ttCP1
539,5b8mf5c1TONluM71nyVriB
540,16fL1etDVvRrk2iMUIIP9m
541,3bjzhBTAZ3UH8Wqdo2zGnQ
542,30lYmYRV9nAndtwfIzF87k
543,6ARo0nru7gskXfzZJI5Zom
544,6bovPwe5YuNNa2bKSuovK7
545,1EvxXpx2NujEeO5pKSowEL
546,3B2ZtL1oxLfAYnblNTkzbb
547,39vaxWtDDC8tLuoOlVReRp
548,22e6sT2Pu8kXpJeItO0xGg
549,1ULa3GfdMKs0MfRpm6xVlu
550,1X5FcoDIAHhn27YHwWPhlm
551,2GKoUGVoLw3ToJMsgONvjx
552,1WOeWKKfUxx8hlH8RSRjfV
553,2dTTArN2XSdoLoi5FAJz2H
554,77V7r9fkVkLKAGyBA3zXGG
555,05KIwRSqFxmofS5LOTSowx
556,4CN3b7tLEuUIlNugQSz7Bo
557,6VE3UqSvPtFJit5LfTIh3P
558,76uAt8PjBlGXUgwDVIatkh
559,3sA7HKGzcKTVscdiTCrWpX
560,41EfGbF3T66mbR67xvNYvm
561,7oGZAicScQt96OAW4AruYy
562,3xkzscU6nkcO6J1Mrh6aQn
563,6zKrj4SomgfbvsfuTAuElE
564,60oECELY4ArS95M8IUUNT7
565,4kan4qnlyMwbvyAaY8808j
566,4ttjtLeCx3rwltZR3w7gWV
567,3G9gUGRgM4lB2ebVPUcMKI
568,7aCzDT54ryRu06bNf3JUdA
569,1iqhganS2IBobi0Jl8mE8A
570,1hXKclEndXeUysNBJY5a89
571,5nJBEM0V7YXSmkubCJQRWf
572,68jkh9nqSjpmRtkkA9f0ld
573,4cIcobjJstZun1w5qSRKJy
574,3W4SaEZ8zXDWuM8plX8OAQ
575,0dwPe5uSwHYhwXM3w0zSVe
576,16ykKWDhFvPjwpBSRd0oKi
577,2HSIQ7WI8LQC5ozwE8nRGM
578,5cRPdqpWkaNmIbPi6wJDg2
579,1RhKH7euCuvqZPcDowy93i
580,2CC8kheTSKvDiNbJsRMvBU
581,3YT0gEbSjK6C0pcX1DYnMM
582,65U2tkJVRTGsJgfp7J7gyI
583,3POcdaiPYoL4peuFyKWRJE
584,2gGLpMzoo80A7jGEIr4ou8
585,7gOkzRWWUF9DIOe2Ijk7cW
586,4FfFYuCLL1zlPnLfDJiGhv
587,6Qp2pPS64tqZuSxhcec2Ve
588,5ZSNgIREfPZMJQ2ssDQQvW
589,7FrEHhKPDD7jdmJXRLONld
590,21OGH3A5dFqezbnTVSXw5u
591,36fsLgGbgeurZZI8PhP3tH
592,0hSdgZIeVfzp7CqNwc8Ff9
593,5Hg7w9F6T5ut2kaogYLr2A
594,12ZWiDNbQ1r05voO2uhrzi
595,1MDN8WFF2lKuCTwgKY4Ubp
596,0RK5HYFtyjKxQyZ2fIWmLG
597,6MIulZ9FG6Td02EpvFC5ZL
598,0Mz07VC8F7BD8lQoyDW0Ng
599,02zpZDk6pHfNPLPMd3EJrp
600,3JfIKp00tgyZtQGA7nxQ4n
601,5Le88hJ2oGJgn1FdGfr0Jf
602,3iuJytXIDXGbpZbDWxfgHl
603,1NKZmg1pXWa05C0yNld9hl
604,364rzD3SbcqzShCZ6b6qjr
605,4MAUUamUaxrhu66DVTJg3c
606,38dPsafSNlI4P1pTuVhOtc
607,2dHjSNCw10clC9oOld8tPn
608,1eIS75JS5rfbJpSu6ZC9EO
609,4ylL1oPx1rY1yFivslLFOR
610,20M8m8gvdP5tkIOv1VscEu
611,0CoxfP3dOGKwg6ShNnRiNP
612,79Mp9keDkfRJyvAW0WTlpD
613,7vDtu5DsQEDHag1iJkSkOB
614,2Uh8QVIKuZHcw7Swrsec3w
615,1o4ov7AcRSa0kYiX2kRO6j
616,2bLq2Z1Npa2Syc8k65b2Zy
617,2ivSEOLx5r0HW3Eh8fPrMQ
618,3hK4ZowYYLl10o8HP18mOJ
619,4U4g72zEPzJPH1ifcRnxK9
620,3AH9Eok8N2BIGNUNBg1APv
621,4GzEpJ311dKzghihxdatHz
622,1GLr4oIggXZdGelSA4d49Z
623,7DD0aprQ1h0of82fvxFkJt
624,3toFlarhs7H1ibBx0QOeeZ
625,5uEUNSGb7ddmuCuiQTkvrh
626,5QzKL6le31ZVRi8AyhUFBr
627,2YuKyP77pidQlkxm8PuyJj
628,3Tq17cNZ19NxBlNgLPXx7u
629,4nwbFBKoTDVcGdl9tn4yZ1
630,7dfZaSRWloJY0Jx2VlMGMO
631,4zsN9wxPUyevnxvughqo54
632,7udN4qTAjvP9khc0mdWd53
633,2uTcZBI9ocH6dLiPl01tyq
634,5Y5wiwFCKvdwQIZIqupcP1
635,07hfm9pK0muHFo6TgeXqZl
636,0w11GyoysoIyGVsCdhKWxY
637,2bfchNTrVGPD0S11hiQQ9h
638,3HHP3VBRuC2yYRZtXycjZE
639,4w18x6612KWiMb9pM10agY
640,54SQet8YMttOgTqDNGcGpe
641,1YuXoPqkTQOXpFJtjf5GWd
642,7I3Y3jP1TbNf3l8VWWV5Zf
643,7ghkH4O1CkReKSA0nrieHK
644,6Dxh6WhigVAlYd95Qss27d
645,2pwnEzgIzYL4AOw4ousjkB
646,5eZbiiz3rZLMbYTMCLi4hv
647,7eIDpnS0pjkhMhEHYzgoT6
648,5X6IHhRkUJqXxVgolPFOxi
649,4gqjxYiEorFk0y9b92uFdE
650,2nJx2VF14TGiqItgUSWbyn
651,1yCyx5hPbzMDTYwK9iRjyE
652,1MO3gXvZtenSdgwjG8U2it
653,0GSs0GV34KX7KCpLw9tWjk
654,39FACMeNYnKEWsj0pzvpX0
655,4OVxGAq7uhYpxmmuUQaMkI
656,5ggqIFvnoswPWPEOsbuEi7
657,61VEcQZQZUF4o7QgXsOFjB
658,2UHvfyYCAGFlDGseLRNmjU
659,7x85yb5W1Hz9QcssXk6BFv
660,08JAHBYOTnJjUZqiEDMHWS
661,2dfFqMsZQaDQPtzbCIUUQu
662,29Xk8sCIIZaTVRvUlvpyNM
663,5FiB1uNoGZE4PenzZd7Imu
664,6qQQBQP7vSKf0tWiloIxJR
665,07kySF8R5mxDRhrh6hfkqQ
666,3pm1X3oQBKQ4vcp3i9PWRg
667,6qOxF7JKKNegcuocn14ukr
668,4nKBFoIm7LJn7Odk2YzPmf
669,74SEdaDGulFQHHcAeOsN5O
670,0aYMFyDeGgOIUUMqfGYg00
671,3iKNeHG57cSlRKQVZqXo55
672,4slvkuyNSkOg8M80v8Jndp
673,1O2sdZviza9fQgHuRIXkYY
674,0OXGllfpE2q1agVPx1XkIY
675,1HMBEJwShDF56tXKIRMgMK
676,4GoagDlFAB0676f2Nm6Qlw
677,0WrimsrXiOXpXELVVDLJtm
678,6NFIHk0AfzSeadBCsznynH
679,0PYAsHkb8h8gWBD9SsR1Af
680,3kL3NUPMmUPiWtsIblpelp
681,3UdN5KI1VSZOeiXLOgyC4x
682,3n8bmtSS2XnAwgGl5cPsZT
683,0OpWJGZM2GuC67J4fqB6vJ
684,1kywwstTSG4WElB3lk6MUY
685,30R45HO2rhR8YgFbe0fKBc
686,2MeEuwplwbbjZ7hxRI6viw
687,57y838IPwHsoHqjTjouiK8
688,2byggV2U1UK7gujrUKgAHo
689,7drWuS3zzF3W38u7xGHV0Y
690,053TpAtf9eywqYXMsKnbwG
691,19cDGnoySRRBms8x9C0ZsY
692,7AYr5rYQFXJzLSJK9vx6om
693,2ZAJVpLD8qmXK5UvWb4Yks
694,2C7Yzl61H8BE3EbK2Qk1sM
695,5YFnSGWPxR2x8PCQpxJRRN
696,56OJzlX8CkYBcOGxSBt5Es
697,5jEk9xozawNIRrChjPUvrC
698,4uhLrP9yg7pfQ1QgvI5aEQ
699,6780lOCRkFIwqMrhKOWRWX
700,4pYIPmmtdXJW8AuVMi07oR
701,19nV9aOYXDEK6DlEvDYAzD
702,1FpdsUQzFNnLjfORSUPLjg
703,3kpYJjvM8Ja6btr5hEJLWc
704,66ubllTXH7J5WqFEOrdjP5
705,5MKPXztfYrhzgZkkk6zT4N
706,2SL6oP2YAEQbqsrkOzRGO4
707,2PBGbjJu7evjAkY9GNw7e0
708,45mzuuUWaRRLwIDifDferf
709,5vFQlhvZJyV6WJyHt5CdT8
710,0y5cHhcPaGmlMPF82ZqKkb
711,6rmXhRIemCTPyMYZRDN7Qg
712,6P8v1a8jyfwG5kc7Si1kUp
713,75KjpCAjFWWJOGFhJ888ZZ
714,2fZTVlNbTrOAt05ohKJ3ym
715,3BEuTuiAgJLROYMELwLujm
716,6Uk9f2WRCiP4QszLf0aSlb
717,28SWsF1IQxfc9bP5yua35K
718,41QWuddLc5R6L2Guk8GKBn
719,44TkPUlusyYnZlcaLKbiuq
720,4I0dRjuwOSIAq9grHEDpbq
721,6ck86abbuRzKUkla5yBTf0
722,5OkTqoiq2UBxRbDyKpJbV8
723,4DP2160LC4dW6RTNeYQvMB
724,60dY7FdMoC0257e90Mok0X
725,2Lj5BrDPPRtfWZiW6qlXUJ
726,2gMXnyrvIjhVBUZwvLZDMP
727,7ce20yLkzuXXLUhzIDoZih
728,4QluXgDPX1letoye7E213R
729,1ejyey8F85FSJJeIiNRrxD
730,26j4pTvYipXdv2L1zqzcA7
731,2cQmTZu1GAd89HtnXduE5o
732,15BQ7vEDv2LJuh8TxWIhtd
733,0YQqrzf9zPuAJ7Vbo2wmNU
734,0EeYxQROLsYG2OsxtYeZWi
735,3QW3wxXIuc7Ll3tFCiuoZ4
736,61cgYfI7dUIbfhROulghoy
737,49XtzOI3VIlsC4pv1GTZci
738,5eBYOK11r072v8FSQGDpq9
739,4JSZYFKUFdGSvsru6tuQOU
740,2ioPiX5Cg6vSUqCxPHZgRb
741,0snvfum1KpU3X8DdAvV9bo
742,5kYn1u7sihG6gemGfGkk0B
743,1voANq1fjiDUqpXRa4PMDv
744,1kP0S6xjU2GIpYPXt4H1a3
745,7D7PP87gyUMopAuYOIrdLi
746,42ZbAxRiw1Hw8KesSvWwML
747,4oad39QKGpNEeG8udRl181
748,5czkBkWogUvTf2jleGyHaQ
749,7l0Se5ESIQFoZXb9PlW4iV
750,0Mhn6z0QjY3BssZDTFKgdl
751,1x6L0xEMP6B8c534uplrNO
752,0l3sVjZbVPao0RlEg2NAyS
753,28v5XsF5Weg0SeXK3xSKcV
754,6fyp60wJkRPHMaFtaE2GpB
755,4EZ5HrzcUDr2KFJUpHCJyh
756,2sTwJkRC7tqOLVgADyamHh
757,1QrQYDBROZ4HGS2yz0r5iN
758,2S6KMeoAeZOUuwEMhcOZpH
759,0pls1l1DodMinyRflXvwzv
760,50O4PdSUjqt9pyTreRF2iZ
761,0Xek7ky0SNVMTMGFm0M3Q5
762,3h4jL4hqU88LWJYuv5zq7R
763,3HXqOKn00a6UVeOn2O5Hi1
764,0ono6UCNVZ1XqOm6j78Blu
765,4ddjdyy29ADwNGdSz0ERef
766,10O26Kofd7TxIP5BpFvYa3
767,6xQjgKUjjKgLDfOibSRyRM
768,2dZP7UEXGIvn1HXgfWFA3Z
769,2EJxhWfIo0Qmx1lb3HkCQV
770,5rN6HDpHF5k6xPvxgx58PE
771,5fDAWAwM8CUYsfp7O7m9E0
772,0WSLsT8RK8pGKVdjgKndyB
773,5xXzaLQA1sNYTOm3so20Eu
774,6pkeTgmwGnpQSLBI02Vtwg
775,5OzvtpasMB3aPWpfVr0PsA
776,3CQ8gHDBEvBl031GhOvjNF
777,46L1Jwtdr7y2VE3QQu9jZe
778,5w0IaaNTTnrXvuwJR8L87d
779,3DGar7krWlmrXRFHBcQF6z
780,0MxNfgDk9H8ymMduNpCn0H
781,7q587HLz90L2PFrhKZjIYa
782,3zPvW4XZCATdCq9OUDZK0n
783,1RqNYDlHoHNdr3QGLtzKtb
784,4Rckvs1kskPH9BALTvB92F
785,6ukMqDxnOPOgoHdak7Kyp3
786,3rKYiySCDMUKTw5kGVVhaa
787,3MWGlCKyH4nILtXRnE9gd7
788,55BfNKdOeu77gxPB0UGnAw
789,2g8pMDC1lck27f85wSnO13
790,36wXwmYe0urVg6NtiraGDU
791,6IQITSq6IoOCxvckOJcnVK
792,1CFbXVHm6DKIL37kIgNe8c
793,0un4JwxfcsKF6ubAAwRJnR
794,1vBmaijoCBoqmwc3zs5n3s
795,7gEs1lukmIpDW4n0WjlGJF
796,2Pt8kO2yfRp3AP7GvFFNaB
797,3FKKLxJRaYbtUN8BsjrISp
798,4l7tyxhJM6KMHLO2xjwOWF
799,2HzF3eyFAASGxrfT87QL6b
800,5H0vnOIhGRmeC4dlFLKBA3
801,10FqNFf06yE0VrYuBfQ5s5
802,0xciPMDQtopXImYouTzKMp
803,3AsIFb9tkY2i2uokgGQfPK
804,2IAp49RzNBtnXAJIDlv1fA
805,0vtRAIhztpcw1mEqX1S2RL
806,7v8DQWvDmDeXUHP9zQHKdR
807,4TN0pPuOVW3V2mUdk4nR4C
808,50c90QkLEHoUknqxwUrPls
809,41d2Q6DHcM20OdzynkRtvf
810,3aePQpQPQ1k35NDvJ71YRd
811,2ULHInCsI4fs9sd6rtnaKY
812,6fR6Z0Vc1K6yQWNUIKjAIR
813,5jeZ30NIO05S4RMyVXG5Wm
814,1LIzOieOi3LlOJsJ9YVMSK
815,4ZoXE2n6HemR6xa3YNUxxj
816,792uSvfxPQ3x1LZmymg38R
817,1Yv2MExWtnPL1EiEleCpLf
818,7s5h0rYpYD1OVe8lnvwXgY
819,0K6V66pWNWhNBssRRUUvu5
820,54JRyC2pdTPYbnf5CzQVG4
821,5NTfaNWKUuMwzWQ3OZ5QFt
822,20PKggfTyOIGilXiAVIBpK
823,7oG9e5J89CXwAFx5F1Y1Od
824,2YDePqQHD34xLiDAojtZvl
825,6ViaTMEFiIIIAyaOdCeWSa
826,3J13mzRzXxstCgieJRYRMM
827,2rt7hx1cUCDOYPXCwEn3SU
828,0HElX8JryKqnXKcbv6P2yx
829,5nD2zmNcN7jZ1lrdj4ZVxX
830,01GZjSSjSSpvTnDNdR8r3Y
831,7smW31c6R5t9BYYt7YJsgK
832,35WzC52ftRZmANtQIqEUFu
833,72dheH1fLD2yuUiCDdakSe
834,6s5ffIRvUQE4rREyeW7LsD
835,06qjKlPCxpnf4jyWnVks1e
836,0Ri0LzOMJmqi9HGZE5cRYV
837,7FwTn0LZZunjRl9Edp57sl
838,1g2CMj45LJZWxGQYoBye0X
839,6dtN5iPcx3H4w1lRZ9vqho
840,3RauEVgRgj1IuWdJ9fDs70
841,0vaJ25FePHDdBjqyhE7Ntw
842,624KDToqxbwLwsqRl5RnuX
843,448WCkNg0QupLcngnGbKvV
844,1vKErpSHPz9JKJw3BYTxQX
845,3SCSRSjkzComEtYBCGjAfp
846,6zTABzmPL5AMGsPcOZkPIB
847,537KE6mr2r62jIp1036Stq
848,1GlMKWvDFCp2ycsnN2Za7G
849,4sl0wzzHnP9lDreMCoEoPU
850,0K1TByK2Tt1RjTtv7Jd36F
851,2pQDZveizhKKFAuxFBHbXj
852,2mo8uemYMk4ZJpKzVxhC82
853,6vdSGAeIOEfM1vAU2RMs1J
854,4sivEY7rjZC1nJAxa2UibA
855,6yvIbhv73L1H9ARSSGxTkA
856,1rmnNS7hrmSv0UrwVDZUBs
857,4yYlgo2EdyFOFRPM5jcM8d
858,22vgEDb5hykfaTwLuskFGD
859,4elEFK2bo2P8SPwvWCDLjr
860,1PmHkalaUHhh0fz23SBHDL
861,5f5b4AlzF42gLjrentic5P
862,6xtQ23d8GEXgcxyUKPtwc5
863,2xQQsFEm7Enrk6fk2KI5C2
864,1fV21dlak1WkN7D4eldp2N
865,72Yf8fjvHbhdg5Wk5ho4fh
866,3hAJmHpZVmn6mSK3IK5WEk
867,172BxPrgDzSgLzFK6jfGpz
868,44Gu1WbWUXE1PYxan28E8B
869,5CwKKWbPNdxOhgpx8F7IXC
870,7FsRHakAfXNcHu9jjlZ4Tj
871,17TL9yOtBcUaq4dwq4WBa8
872,4fwtP5khM1iEoa6BP1QQsX
873,4I4uCtlWg6I7OyuGZE4wqn
874,3dFnryxVPISBWn6SbJgE7X
875,7mzKjXy9YiZxj5J8JrefS1
876,3C7A6R1QsrN5Oj881xNEVL
877,7jQjC63euHxAuB9ZEo8Bw1
878,2IvkgorJSsyHH08yV28fUw
879,11MtyZVNPwod0YWAYdr789
880,4fixebDZAVToLbUCuEloa2
881,3vOMPZuLshD44DDBWZYOgF
882,0irM2t3rUoqB1jFEjAx1DW
883,4B3gkbr7aGC2sujjgivK0s
884,39YSjTufGXcKFh9G3tprEQ
885,17LlvcLuaY7kx3BQm7zrhi
886,5sBYC7Obmi4NnDYLKSEoZT
887,1TfT4AtYSreDh4AcOmyq5D
888,7BILiVwaXDZkflDvTtNKIG
889,4Wp6ygtQDJzjurmoLxgMHe
890,7wcUD5mrjWGGlvIXhdRpUS
891,1vTOpNSpKyexTEt86ppYDB
892,24C8AOtp3blPyogHAtViqS
893,3K8tRD2Prik7FXbD8lZ6DC
894,4hBW3h6FnQNh7NRmyxLLG7
895,4VySg8ofnFGr549dqGhj7Q
896,0UMyH8Nd9kQI6UbMgmFgGj
897,0mZVEWIWYnIBTPrilVrlP6
898,3HZB6WbNbSQGHqb2Eto2Sm
899,4xONUhRpKk1UIBsCSdviQo
900,6cFtE0ZpwoY4xVuduZ5Qvg
901,3xRsq7omBJ1Km9JruxL7qm
902,30KSt5sCdFKZVN5PpSCnyA
903,3y2krVxoPWjcHwKgA3bSZR
904,1MHzvVKMcHWO17wQnRBFvt
905,2RBv4qTPtLhy1ZKZj5YgyO
906,5fKOSCz1u2oHTXgXCvQqX9
907,7KgZOZxrs1DpqEvUZ2P3WT
908,1nLmTIGzbm7OKaZo17cDoC
909,4iPoqpQljRoZ6gsaeMiol8
910,13KD0fjgFcXIfl8588M6FS
911,1ecXp49YMyrBzYRGwM1oZQ
912,0CEuRbdXmopiGOI1ZALzLz
913,5eOmptrN8rGSuTIra1pUHS
914,3Wu4lFjkhcXxB6WWaX9gtr
915,25shJqf55CPwDPyXNRuNLi
916,7n6AQKpZUGiJM2auF3yuDY
917,2U94QDSo9N4e1iXrjo7KAB
918,1BECwm5qkaBwlbfo4kpYx8
919,0L90QiYjatke6zKdRhcP1G
920,2cmWVC5HVGi4C9I5t2ZWQC
921,2Z3nhqUc5O74GRtwX7FNXI
922,5Z4PJh8BCqSgsnYK84Y5PD
923,3cSo8DnubBuQQkBYeiKXAf
924,4S2uhQE8L9V6p7rj7SiauJ
925,6rXG5o3QapxdoWtltSWWN3
926,58N76asIoyhCVv7S2DcGUS
927,1tlli4qq3WJANcXdC1ZM6h
928,1d24QUVm10yhroiRMKYvfR
929,4HMmUTOmcsl5ZdYI6bC3he
930,7fupTONe4OAvsmvLtBr630
931,2eaSMmKfigsm96aTUJMoIk
932,093RgZ7RXHZwIrxZhZYX4Q
933,5YsSKoYYxje4RXXnCNeFWK
934,1nJIYo1g5V4aOnglr7qhnj
935,3EMXuZ7n0lgQSNSsVk5d3n
936,4MGXGvD0KqgO9b4wRdbpgb
937,7esMRbSzvLv60O70XLZFbc
938,5hIolq7mTWLmaj5OQxyMdd
939,6NXc9JFAqHgwOXjCrIJ5jC
940,4ttsicELIno65Su48ghT7O
941,04EFBtzCTtg1SWQPK2HikB
942,1XDBrOUa5swy7lhO06mggm
943,5nt9ABmBc6YF0ahRNsNAcP
944,45f7IIqCDwdUx0qoDILpX6
945,3ROdW22vLxR2zy2tTeCwui
946,16Hac6RaFnfvuaXElJYgUN
947,4Gbvsz5oOesTeYiod5Wwra
948,0X8Yg8nqUzJyrhAHlMBVHn
949,787K3B6bdwkyCP6v1OFNul
950,2WdcWFEry1P3or789QBwHY
951,0ApSbLqjlTUDTNKW3WYM3f
952,7uvuJMFO5OsaumjV3rc79d
953,0iNN906YaH34RzPhYrdLyv
954,4m7lLH08yLvhDZ3IXQJ3Ai
955,2Cl6ylTkF2XIyFNr085SmJ
956,2FKLXqVd9LFYnx0TyOBgcM
957,3oCLp8UO1RdZC4EYxgVu3v
958,0K7aWZ3pilGwg6rGRWdQpX
959,11F35JnHM8PhNqXloxWFKT
960,7MxIvahlyNFbbb34Ecn7eS
961,0OTtnwUO8natNWSwdZvXVF
962,5zivgpK3h9Zs8sZQ0RK1e3
963,6bSnqEhqqXwaov7lSgTFcN
964,2TG1xOgMf29yt71KKEccRN
965,0rn6XSJc7faNcoMV83PsL1
966,4YCj2h34eB98H78UnR34WM
967,6nMvufKD0eHneT2i0x13ad
968,52C3bkxZHJ5Mv13V97QyRO
969,4vN2F1v7WphIUva3S6hwaT
970,0ApKASjbgaopOqghNKA0x1
971,1cs5LFOcznflbTzEKDPXCx
972,4GuyjkLr0Oie5Nb7Zs3UB9
973,5mywBXnH1qeA5vIvMLwRzL
974,5KF17ePUmiBbS6IEKu5gQL
975,6i3ZAlqSOlU8x3PRyeqICV
976,3OQfwNOhDOodlqBYixpc3A
977,6AKs1OZCijWSC7IXekeUVk
978,1meW3fs5CJdK7MNv4Shl1D
979,5oM4tgN2A22rlHEApSElyf
980,2IAf0tiCXFfXqKdNtQm3Fa
981,1BkJN0udwRPnsEiYR2gvVJ
982,0G4puQDFyihFfN8h6PpVDo
983,2Qdx5jwVvd6EzrOh1JH0ge
984,2Z0vlLjbsHs8ERADCwkqOx
985,7iF8KMRztVNfx6HYi5ODMj
986,2CDCGFhLMMP2rzagwRK0IR
987,4wqWKxzZluKsbJAB5LEQfR
988,7fDB2Lxu1Rg3GccMvtl3aB
989,2osAfz829nOe1ZX4Gz4Ezn
990,1VyfEzVSwotl0MnwhGkUXc
991,3nhl2qgHPrXcDfKfHIYEaD
992,2TXDH4iFmeiQ9qKMlI8pXk
993,1wbXo6V3XA26IqAz1M28RP
994,0d8Le3rkv4zUHVisUYsnci
995,5ljaIN5amyFn4fluFmjXy6
996,6hzENpxQwAaz6Cvrok38gZ
997,1AUb7MTJRGDrkjRjrZdpRO
998,5AHyWDQc3l2yalJVXbL5Yk
999,2Qs5tJfqwvz3rEqzfORrVP
