0NEM7h8JdcCOO2JMs22ekV,Me Hubieras Dicho,Joss Favela
0FcugfDDQLytPUHZemedU5,四月のラブレター,Seiko Matsuda
6nHePvkkbZRVECrlHj7ggA,H.W.D.P. feat. Żary,Hemp Gru;Żary
2EVaHMfXlWw4ANf6Mb8c5P,Na Conta Da Loucura - Ao Vivo,Bruno & Marrone
5nayhWICkQGMTkisxVMbRw,FlatBed Freestyle,Playboi Carti
4pjMI4KIhP6mycR7p45DTH,Le Letha,Udit Narayan;Kousalya
3WyRgi8CzQnhzO0xw79tTS,Goin Baby,DaBaby
3BC2jLOeT0EG9KK7CfnPjg,Amigo en el Baño,Kany Garcia
26gEW3DUEK0n8n5fvnYrPE,Leave Me Lonely,Hilltop Hoods
1C3Q92eZbLD7sAlvQrx8Ei,成吉思漢和 Genghis Khanwo,The Low Mays
4K06PO78fW4mnBVenxGNob,Conversations,Juice WRLD
69ZiYcGVcJ1sAeUBWKbwUE,Girlfriend,Dino James
50G79LMo3Glt8cIsAP8kFX,Thanni Vachu Poona Vachu,Vidyasagar;Malgudi Subha
2KMPEI406H9G8UqiWDfuTK,Breakin Bad (Okay),Sleepy Hallow;Sheff G
7bnniUFU8K59U2qBzX6yxO,RAPSTAR,Polo G
0NZsQn8L1UdwcW9AXCgGQi,Piros az alma,Magna Cum Laude
0iNwCrAbyF86uq87NOvFuv,Pa Que Ta Llamando,Italian Somali;Focking Rafita
2jAVgtWf14XqsThHd1usy5,Aavikolla,Ollie
0EC2lYMM97Vghq73ZmyvZ4,Inga problem - Remix,Snook;Veronica Maggio;Petter
5uEuQcdrZkxZAXbVBXhIwg,Call,CHANMINA
5xNrCftiKTwkykqtTQLynE,Lagu Santai,Steven & Coconuttreez
4TQeNHx85xcP9YRkvJC6K1,Walkin' On The Sun,Smash Mouth
7zFLJUpBynZW1A65bYVSAS,Télapó,Kovbojok
2ea2aDmhSffJkUWox4scM4,Ауфф,Nurminsky
3VkREmvpr3x3fjNdw8QKqx,Cuéntame,Gian Marco
0mX0wnwM3RibBriP2sYPbQ,Etenee (feat. Pete Parkkonen),JVG;Pete Parkkonen
1y96Ot8ad1avTqTq2ZTpsw,Até Ao Fim,Agir;Diogo Piçarra
6Ys6Nk1EP0H2uY9PkEF0hT,No Quiero Verte,Lynda
0jTfiFioHrsKGcHZvTdzEi,Pastorcita,String Karma
7uRLWN1v5AtgrJaMU0bnWO,מודעות עצמית,אפוקליפסה
4L9MsElgt7K8PXySGA9nQb,Afera,Viki Gabor
0QINzFpxcbStmnHsf00khl,¿Quién Pierde Más?,Banda MS de Sergio Lizárraga
55JA16k9rHi0EkZW7RUjjQ,Delegada - Ao Vivo,Fernando & Sorocaba
73WfbIdRXaDF7MGzNdpqzL,Fiesta,Deemz;Smolasty;Sobel
4jWVMq7RtqLXTXGRynGO1W,Lepszy Model,Kasia Klich
4gcUCv8Se2gdts90kqf48y,"Глупо, Но Класс (No Lupam Lasi)",Kasta;Gustavo;Vlady
6WRT8kNKR35cM1x20AB6lD,Igaz vagy hamis,Sub Bass Monster
1KlVJebZrrMSMxcEKOV5w5,給我一首歌的時間,Jay Chou
10fj46VSvjIqMVOcJl6Jsx,Two 1 Two,Kiddo Toto;Cieloazul
493V5dhXECdFJ7SBqOsybH,Selamat Pagi,RAN
2eWrPCKtTD2QWFzorD4ZOK,Nyári esõ,AD Studio
6Sc1OHlwhtFUf05vsdXkvC,79 à 97 (feat. J. Mi Sissoko & Jacky Brown),Passi;Jmi Sissoko;Jacky Brown
5baiEiWRG6NtkAvE7AmNg9,Ostatni raz zatanczysz ze mna,Krzysztof Krawczyk
5t3Ad0aB5uVrRSa9KiC32s,No Me Critiques,Grupo Libra
1gwmyjUbh8YagrwcynAmwT,Quererte Fue un Error,El Charrito Negro
3c9R5sMNFXfHShsSaSQJpy,Tomando Para Olvidar,Amar Azul
5AqHnmqa4Ms8uVHnMyVwWL,こんな夜は I MISS YOU,Shogo Hamada
0cmUZdib9BmhIFqXkxhtLh,Si No Cambias,Sagitario;Jesús Manuel;Víctor Nain
14dh4j7KFU1L0rvxQS3TkU,Haifischzahn,Hanak
19MkMCb72VZ2aZC9tEVpFq,Fruti Di Mare,Supercrooo
4UQ4aMhOvkd4igLnZchmvx,Geile Welt,Cro
16tt5gsCest1TGUDsbjxed,De Eerste Keer,Maxine & Franklin Brown
06eICRFok9GhRifK25a5NH,De Eerste Keer,Maxine & Franklin Brown
7GRi5wwD3dBf1tjYwcFI3A,Tanssi niin kuin Kakkiainen,Kikattava Kakkiainen
22WbyoUfhha9v1gTwlR0LH,Yeniden,Yalın
469Miaz6rIPk68XBhDF05C,Cradle To The Grave,Thug Life
7xkSrWq4k87x1tYkaTkqMS,Desperados,Canibus;AZ;Nature
1tTp4PW5Y7bkvSdEN13Gkj,"100 (feat. Benny Jamz, Branco & Kesi)",Gilli;Benny Jamz;Branco;KESI
1cs5LFOcznflbTzEKDPXCx,Sayang,Via Vallen
3TS25nchaYIPb2Y2fw6cbb,My Love Is the Shhh!,Somethin' For The People
3oZOKTJW5YX1OyyiuFzlHo,Dio Palikaria Ap' T' Aivali,Haris Alexiou
6qVTkX2V6SaCQolLqWNBuM,Via Libetta,Shangai Blood;Naver;Chris Bomaye;Sayanbull;Wave DB;Suburbio
1V6K77D0lrPAMQjLuRXWsX,Besitos de Colores,Rocko y Blasty
4mDWapOAzoFsHu8TPcP2R0,Tengo Un Amor (feat. Rakim & Ken-Y) - Remix Version,Toby Love;Rakim;Ken-Y
1qPSFd0UJ5tCvgfXH6nhkt,Era de Verdad,Hordatoj;Panty
2JyNsGA8m89kRs3DZKnoSn,La Loca,Los Fugitivos
1n5M4LcdWvtwgFlUotoUi6,Los Buenos Momentos (Popurri),Jeros;Pepe Habichuela;Montse Cortés;Marina Heredia;Tomasito;Pepe Luis Carmona;Jose Soto Barea;Duquende;Los Chichos
4rh6NUKzdzOenErCBd9AJO,Todo Me Gusta De Ti,Aaron Y Su Grupo Ilusion
6FqNHDHEsUTKqVWXBkMd9y,Train de vie,Koba LaD
7h6hAh9bRNXs9BKIdqj0xX,Comme Ci Comme Ça,Basim;Gilli
2kOg6zCdUucCqzWknJ5mrH,365 Dni,Rakby;Bacil;Nicole
72ezUoAhZBhvKj56oZyiM9,Palo Bonito (La Cruz),Cuarteto Imperial
4luW7lSpyXXgojjsXdzqBq,Lord Give Me a Sign,DMX
6vjHHdfX5V9cub2SJkntch,Petrolina Juazeiro,Alceu Valença
0XSttRa4Yd5exdyWcCCoPv,Poso M..... Eisai,Goin' Through;Isorropistis
6sQDWusdqRzPgF2XtqQ12b,Segui La Stella,Mondo Marcio
6kEFoEIc7o4A5MqHZaAuzd,Cicilerini,İsmail YK
6ViaTMEFiIIIAyaOdCeWSa,Lady Luna,El Arrebato
6WuomEqGnuHJtPzYORNdi5,Irgendwo in Vegas,257ers;Alligatoah
4lszNcJSaz61QT6gpMhFU1,Think Before I Talk,Astrid S
5gaeaOreTc2bGdc9FrgTCm,Diplomaatti,Gettomasa;Joosu J
5yfVBjU4tFSn6rPFbx5uPR,Anhelo,Adolecentes Orquesta
0VhCoaPF2pVvwYbQewu2zi,Lifestyle,Trill Pem;Wac Toja
0LJDFZohBgWOMvXQw0cc9W,Cigarettes On Patios,BabyJake
4bMrK4S5tdRFoJKht6tCGC,Adi Adi Raat,Bilal Saeed
1YZNBgp5Py2dKslyzD6xDL,Rude Boy,Leila K
1vMqZszrUyY8v453GN0G21,I Ain't Supposed To,The Impressions
2TQTZ2TSAO5eGgkCtjxjrt,Ahora Dice - Real Hasta La Muerte Remix,Chris Jedi;J Balvin;Ozuna;Cardi B;Offset;Anuel;Arcangel
28Hl0hV9sEwWPPucwFL0Wl,Jeito caipira,Gino & Geno
0bcUxZsyjbkoQem4ectNyL,"Meu Recanto, Meu Paraíso",Goiano & Paranaense
2CtulN3uMMD4YOyGSjuYP4,Rygg mot rygg,Molly Sandén
3fPD5S07iN0wANXMzaNRSk,Tis Zois Mou Ta Feggaria,Nikos Kourkoulis
0022sbR4gAWFhpMaYLbtnX,Anatheorisa,Peggy Zina
3PM4u9Z8d3IMVsBlFPID2J,給我一首歌的時間,Jay Chou
5gsCLzKnLIQkZcw2ufrTDz,Paralen,Radikal Chef
2QqJTIlGKRLJC3onkavYEz,Flex (feat. Juice WRLD),Polo G;Juice WRLD
2QDhzCaYd79t3sympjOUQY,Chennai Express,S. P. Balasubrahmanyam;Jonita Gandhi
7G9UBSP0u8EEDWNaadXnZU,Así Fue - Pop,Jenni Rivera
7dfKp1GB4hjmvaeN31oJfk,Sandra Prinsloo,Mwah;Elvis se Seun
59xyRqG06dGbTmmJFVFbyQ,Dem Boyz,Boyz N Da Hood
5W8OFf4lhZO0feWHR0Q7UG,Go Go Club,Bokoesam;Chivv
2piJrgX1ja99wA9KvDWLVV,Hey Diandl spürst es so wie I,Marc Pircher
0xGcRpC37HPqSszMnEV3hX,Me Enamoré,Pipe Bueno
3G3GZnfjmypPEdkItAofp8,Jenny Don't Be Hasty,Paolo Nutini
2ELWKbxzFQ2sOtEKslOkcs,Jenny Don't Be Hasty,Paolo Nutini
4wcwBSts22QM5UQ4ZER7D2,牽手,A-Mei Chang
74Cnwoy96Bb2zfRznKAcjA,"Trecut, Prezent Și Viitor",El Nino
1QXXEBaCZy5DGdfZxj18kj,Te Quiero Amor,Pedro Conga
77OFWVFz3sAIEJhtap5AQt,Can't Let Go,Faydee
3ipzZgH1766XXRamVwk1Iw,I Juswanna Chill,Large Professor
5yD4Ji9FAZrthZNKsRqaA2,SUGAR - prod. Low Kidd - Salmo,MACHETE;Salmo;Lazza
3PUaw2barOPVxzoFhuhr7A,#Hot16Challenge2,Young Igi
0J8F4ExwtBkL7UVASPyl1P,De Thelo Na M' Agapisis,Antonis Remos
1b3CilamhqUS8istVckSxB,Qué Pena,La Combinación Vallenata;Jean Carlos Centeno;Beto Villa
3MgQenTCbXw80a9nMLImAr,Tindi rindi riuška,Tilidūda
7IHBsKUD16weAiWxdtUkbe,Liderlig og Dum - Radio Edit,Sugerøret
2qGfZAgDe1pV2y5xJAhi6R,Slime Belief,YoungBoy Never Broke Again
27xFMBWh15wyYGGAVrEMuK,"Mi Mala (feat. Becky G, Leslie Grace & Lali) - Remix",Mau y Ricky;KAROL G;Becky G;Leslie Grace;Lali
25u7tVNFhpPA450EFQBwML,Ice Box,Omarion
3wlHZBhl1SPbzEr0Y1Mk18,Not Too Much,Don Omar;Zion
1phObKvh7T5uSypQ11RXHl,Quiero Dormir Cansado,Emmanuel
4O2h7M3LF9jYoVSuDh8E23,Un Solo Cuerpo,Los Chiches Vallenatos;Amin Martinez
7KDtzCFOJru1Rw0yQ950lw,Beruška,T-Boyz
39lS97papXAI72StGRtZBo,Wrapped Up (feat. Travie McCoy),Olly Murs;Travie McCoy
5JVf4pCn50ePuE6ZoF5oEg,Un million par mois,Djadja & Dinaz
1PSuOlIS3bDXrd3rv6Yyva,H. Aço,DMN
7g97EfyxPG5XZgYmLig9ML,That XX,G-DRAGON
26fhBQUO1fZxvFZHHF75pl,Kalbim Reosta,Ceza
74aZBbj71p7jBD7B14CfFN,Inima mea,A.S.I.A
3mDvi0k4LuCA7ViLf3Qb3O,Love,Matt White
3oqC4Ta40ft6NnTJwcUTdi,Pipa Voada (feat. Emicida),Rashid;Lukinhas;Emicida
1YVym9anLH8iIeVYbxoFvs,Coroa,Piruka
3Wma12n0JKFUiIIu8gx8Dt,בשמלה אדומה,Lehakat HaNachal
6RIavCBSfZMUWpuZYTwEqM,Zambita Del Musiquero,Los Huayra
2ixygoa1o3CdZknv1PPjyj,Bipolar,Chris Jedi;Ozuna;Brytiago
4veZz9o2NnT5eTKAddCxfx,Pulzus,Bloose Broavaz;Tibbah;B-közép;Nomagróf;Deego
2ap6aaO7GtgwdVBFpxBVSm,Llego a la Luna,Cantando Aprendo a Hablar
2tJJvOjZiNvAPPMe9zrxIq,Euforia,Otsochodzi
4KB9c7swk9LKxPuh8FHMCW,За тебе бебе,Роксана
4rmJGGukEujSDRWJGkTHjZ,"Mi Muñeca, Mi Guagua",Cantando Aprendo a Hablar
7I1JCDmDExeYb1lj7koVbl,Anglia,Magashegyi Underground
7gQnPX4lL4jsjiouTV9kBP,Langa Tine,Stefania
4EkwBOfnf7T8TVxskK5Fs7,Johnny B. (Video Mix),Down Low
5HvaS0OXUCYcbka5B0wE73,Snitch,Obie Trice;Akon
4u4JqBap9AgXwHMH90pKTl,All The Girls Wanna Ride,Jawga Boyz
6wXPV6dNRAhFavrRaCdMXT,Challa,A.R. Rahman;Rabbi;Gulzar
5QYdzmUWi8QU1f26n8SszA,Forever Young,Killa Fonic
0sg5iYUSfBgQcSRFDztkJ6,Las Chicas de las Canciones,Circodelia
13r5JSQ9i1ID0ZqMSDbi4s,Only You (feat. The Notorious B.I.G. & Mase) - Bad Boy Remix,112;The Notorious B.I.G.;Mase
24B1MfdHKrRnds1Vkp9KZI,Calor de Verano,Pilson
1PmHkalaUHhh0fz23SBHDL,Let's Get Married,Jagged Edge
0K1M6vTh1VvhwtGgQj3uNq,Heart Made Up On You,R5
5L6yb0KfkE1pjRbzcyMBo7,Chinnadhana,Raja Hasan;Anup Rubens;Sravani
4XT9XPCSROKTvUpjDydST5,Lucky Day,The Revelers
5bq01WNMK6Clxt0i8Fxtc5,Cake By The Ocean,DNCE
7yLioBiZbB0n1U8CEzKdnb,Cake By The Ocean,DNCE
4GIb3BSKuuLxrVpYiLk0Xk,C'est plus l'heure,Franglish;Dadju;Vegeta
3DpehGzIQiy3439h6mRCFA,Éjjeli Zene,Alma Együttes
5J65xr8NkvpHy9RkxzSUAO,"Frankie's Man, Johnny",Johnny Cash
7ffnowo7LUK3FgtIGAszx2,Anioły i Demony,Tymek;Deys;Big Scythe;Michał Graczyk;FANTØM
3gSZHCBhVlIbGWupWGriUo,Quando a Cabeça Não Pensa,Zezé Di Camargo & Luciano
7FQTRGEYNU9vyR03xVHDrd,One Thousand Miles,Yo Yo Honey Singh
4DgDNNwJSz818NWtVaXPSy,ไม่ใช่ความลับ...แต่ยังบอกไม่ได้ - เพลงประกอบละคร แววมยุรา,Ae Jirakorn
59CdyMTI878gUG87xaDcxF,Mirando al cielo (feat. Rozalén) - X Aniversario,Huecco;Rozalén
3AR1tB4Ia5eC03r2aNnuhP,Keď Ideme Von,Separ;Čistychov;Dame
5ngSGTy4Tw8cIBCMeIgoc9,Why We Thugs,Ice Cube
2uyQXAGGwHuQVsu04OTVsB,lady,sangiovanni
5wXkbtZO1HsOQ1P75zi35p,beau-papa,Vianney
2XWjPtKdi5sucFYtVav07d,365,Zedd;Katy Perry
6KPMiBhU6O9RBImTQXQNCe,Get Down (You're the One for Me) - LP Edit No Rap,Backstreet Boys
7e8uUH6bOLxpXDm9lARsbI,Te Volvería A Elegir,Calibre 50
6ZnKdDdTnFMWgpXK6T2uuz,Killer Rap,$lamic Force;Killa Hakan;Boe B
1M6YZDInfgrhdB1qVazmvf,Te Quiero para Mí,Trigo Limpio
1VRqTW1Uoyo4C9hMJOjIPG,Satisfy You (feat. R. Kelly),Diddy;R. Kelly
3xgDQRexKiyS4Eq3oAvLaD,Disk Me,Pabllo Vittar
0wt2PeQ8AeBlx6WbgoM97r,Andan Diciendo,Ventino;Lalo Ebratt;Yera
4ga7vzX0WRFJYNrC6teojv,Sólo Quédate en Silencio,Sonora Skandalo
7aKwFVDQG0MUBX41I5esiU,Miales Byc,Brodka
0H1L7FNG1Edrf5JHObNJ9w,Regenbogenfarben,Kerstin Ott;Helene Fischer
1Wuxhm0pM3qvBEkTFiQdcP,春夏秋冬,STEADY&CO.
3dQaKkZOMCTyditbORAbzV,Para quererte más,La Leyenda
3m1Vzngr9tdRjmxGl2tiNp,Stepz Of Love - Isa’s Stepz,Sukkerchok
17jhIwr7mApkaht65aGH5K,Veo Veo,Guajiros
1WnF8aQf2WezWlJIpslJ7m,beau-papa,Vianney
0BvXMBBpUtUmNsjLDBonWd,Olvida Mi Pasado,Jesus Manuel Estrada
7zoXhD5SXtXFm8DFJxs7JW,รู้สึกดี - Acoustic Version,No More Tear
12ZzMA3m2ingQEzmbw3kNR,いいね!,BTS
5qhlC4Rzals34zxovrPzKp,Ice Box,Omarion
1Bv0Yl01xBDZD4OQP93fyl,Ice Box,Omarion
6JLhidCfXOdWnrMJzWKiAP,一個人的精彩,Elva Hsiao
01bnqaE6nQogjdMMrrL1dj,Don't listen in secret,SEVENTEEN
4DaixXjT5GCbeWQy8Sx5kw,Melrose Place (feat. L.I.O Pétrodollars),Sexion d'Assaut;Lio Petrodollars
5hXceiHQKQboXObDGQvxHy,Baile de Verão,José Malhoa
6hZFTHGFwLWWiaGq73Z3p8,En Eso No Quedamos,Lalo Mora
4kMscXmAU35HdvPfovGt38,Trap Life,Kidd Keo
18608ZWNfm2bZucFVSY3EO,Nesmrtelný,Separ;Adiss
2I5GlQAgccPaU96s7hTb44,Real Life,Christopher
17qPA8ksuytBdYhxWY2IGl,Te Quiero de Verdad - Salsa,Jay y el Punto
6w0C4z4SQ7UPzgJL7Avmjc,Trifilla,Thug Slime;Scar
7nE4U3ILopI617knTp9NyC,A.P.MØLLER (feat. Gilli),MellemFingaMuzik;Gilli
0kLA41xkWzzYzMIEGFuDkP,HaifischNikez Allstars,LX;Maxwell;Bonez MC;Gzuz;Sa4
13GOPWR3l7ZPsfugMLUOFH,Dangerous,RK
4tKCjAC5dojOLYQ1FPdXSI,Mahi Ve,Faakhir
2QxdPHAHWvC0kjpFepDjb3,Donde Estas Corazon,Shakira
0GWYApQBwErVPkyXYCTJjI,React,The Pussycat Dolls
00WvmRXTkPBZNhhRK3xfdy,As Long as You Love Me,Backstreet Boys
0J6UvGEMuJvzPKvlDbBvLz,Adam & Eve,Calboy
0SGkqnVQo9KPytSri1H6cF,Bounce Back,Big Sean
3bjoBHwaRkhesG9qnnV7bN,Hoffnig,Johner
2sz15cgzZTl6lhgx8KUXNH,Aquele Lugar,Planta E Raiz
4akI3J1uvi4jXibNpb5Qik,Juliana,Raça Pura
1xOxCHEXXMqFxUdm1WauU1,Heiße Nächte in Palermo,EAV (Erste Allgemeine Verunsicherung)
3pEO1zBTjyiEhsFR5YnsGJ,Heiße Nächte in Palermo,EAV (Erste Allgemeine Verunsicherung)
3Cl3y5gNoCzs0DPYSQpReB,El Ki Ki Ki,Tru La La
5fsNdaeeHPpJHB3sePHrY5,Chains,R.A. The Rugged Man
2ekO98VdclK2zGYJYPixcv,Muerte,Landy;Dadju
0OlE17VM4jDcmQb96RqxcX,Encore,Koba LaD;Ninho
31hQIqSyUsrX9czS68cCI1,Fajn,Ego;Momo
7KTge4i3a7dOxObNnZGY5x,Bøsser Bløder Lyserødt,Odense Assholes
766LoLeTbHcdVRFfSsrdZ0,Oralé Pt. 2,DC;Jamaika
1pKmDCHgQDVCPUzjkncByi,Drama da Vida,Ze Fortuna E Pitangueira
3kN8ptEcqGmwjzp2cRD9iE,Maghrorah,Wael Kfoury
342COEk9AJz8TXq0L5xZJp,Secret Love,JoJo
1w3wkv5EPlYBHi7N21XADR,Fuga,Cacife Clandestino
3x36ydx3x5LtlQLQUESjtl,Miami Bici,Killa Fonic
4hEDG0VjEcGPUBbXaapT7K,Johnny B,Down Low
0RIKUQ7y8q3XDrErHivJdu,El Ritmo No Perdona - Bonus Track,Daddy Yankee
1d8Gt5Ruvis73pDIqsbl9H,Panalangin,Daniel Padilla
7oeIIr0COUMgPX7hLU4Oht,Rompecabezas,Los Concorde
5c2HadbVTsMKjja4gohEFI,Maman ne le sait pas (feat. Niska),Ninho;Niska
5jpXMXnEcZonzy7lFK7rXs,Dope,Puls
0meHP3tfAozgTCU6gskPe3,Sığamıyorum,Bengü
4O1BW5e2qImpfwuSqi4wdD,1000 M,Dwa Sławy
0mko5sZQMfALeG2bzpWZRy,All in You (feat. Anna Kova),Synapson;Anna Kova
2lvzJ9CzjE0FMwvm4jtZlV,Teille Kaikille (feat. Julma-Henri),Steen1;Julma Henri
02qzQUcvVwil8qmu22N4X4,Испортить вам пати!,Noize MC
2nTG0GEedJHNMUnk6zrSDb,Parrandero,Aldo Ranks
4XAoLL2pLSxyNy4kdxGIHn,Is It 'Cos' I'm Cool?,Mousse T.;Emma Lanford
7kqzLGw8qLEWN9CxSkii1o,UPN,Gulddreng
2XHskR7UoSK6EbxogqqoPx,"Malheur, malheur",GIMS
1cSaqhkvwepFfxlPFtSoTb,"Malheur, malheur",GIMS
3XdTgkXMVtGraCAaJdTAuS,The Nancy,Stan Rogers
3MLaNPW13ShxXzFYCmbfga,Barnið sefur,Utangarðsmenn
7rIBp3U5Igzn44l7Z7mOtE,SUN,Gen Hoshino
1DOZa2VoazIiDjGYlUQTlW,SUN,Gen Hoshino
2fdzekBoZzjOUTPWyiU4rY,New Shoes - Live; Acoustic,Paolo Nutini
3lk1zEflQOqyKXngTBMwMC,Hecha para Mi,Prince Royce
4USHZ3omhEBGjHLD9BIJYs,No Words,Dave;MoStack
1g2CMj45LJZWxGQYoBye0X,No Stress (feat. A Boogie wit da Hoodie),Capo Plaza;A Boogie Wit da Hoodie
3vb3xZADNMONqL7aRQLVPJ,Hay Quel Venir al Sur,Raffaella Carrà
0Ha2AZQ1cHCxycIpmLyKeg,Superman,Kubi Producent;Żabson;Young Multi
3MhdH8PxqH1FuQp3HBptUI,I'm Still in Love with You (feat. Sasha),Sean Paul;Sasha;Jeremy Harding;Murray Elias
7mp3ILyl8RaBLr6zzhPyWD,Les limites,Julien Doré
18ZaddQindTsJa2HueQIfX,Bake Kake Søte,Ida Brodal;Per Erik Høsøien;Barnekoret Levende Lys
1Qo0d8zRMFYfbfmjpBecwS,Cellophané,Rim'K
2cYqizR4lgvp4Qu6IQ3qGN,BUTTERFLY EFFECT,Travis Scott
6xcJyGpfZbuuiequtnlKt4,BUTTERFLY EFFECT,Travis Scott
02rlDATSROFtjqmvs1dBKr,Snitch,Obie Trice;Akon
1EbXVXelBudLyGasyGj7Ot,Crazy in Love,SEVENTEEN
7xE2vPAfIdMcZWjkdtgdQf,Dingo Manyje,Sel
0ncyfqjXIy12kxi8HAgJlY,Чужая женщина,Max Korzh
7GtJfdmWvlX1ZlKVrOFcFB,Dear Mama - Album Version (Edited),2Pac
5eEdeZpmBS5GZqAw9k7B9H,Habos Kakaó,Apacuka zenekar
0AlsbjAdNLyz1qHiDGrtUH,Güvenmiyorum,Lara
2sD8KddZ7avSPw9Wxka33s,Lady Pank,Kubańczyk
2FjUHN3p7UgHfldjxgATAt,Kaalvoet Sokkie,Kurt Darren
25J3gcZhNjzBwcaDfZjQli,Notti,Sfera Ebbasta
1TeZLwdMTWZvX9wDPokRM3,Toda / Tu Bandolero / Toda,El Rodri
5lFl0Aksww4t4CGiYYtpZz,Detective,Rauw Alejandro
0NKoPGc72yUKTIneVhFfg1,Mocca,Lalo Ebratt;Trapical
4lfQUZNcj36OhEYpb9OEdg,Малките неща,Preyah;Billy Hlapeto
3kW4z2pIj5VY5fLjBrMRL5,P2,Lil Uzi Vert
4WCQwzuFdN2CTOBOWMDWiI,P2,Lil Uzi Vert
4x4KipRV76m5jsqbo6Qdii,P2,Lil Uzi Vert
4NcZKLjdfTJLpaCOspAjQn,Marie,Koba LaD
4qXYQb49qy9yDsvnQyukhC,No Retroceder,Cocofunka
5IUtvfNvOyVYZUa6AJFrnP,Spicy (feat. Post Malone),Ty Dolla $ign;Post Malone
3ljYBUToFd0CfMBCEqaA77,Spicy,Ty Dolla $ign;Post Malone
7uHMx3E8in607GoKRv1Kcx,Spicy,Ty Dolla $ign;Post Malone
3qgZBj5nDqjtmInvI9k2RT,İmza,Şehinşah;Hidra
0bWzmIbEKh0xFRb1pTSQAw,Come Again,Ronnie Flex;Boef
0gsuaFpyFi9LHoIZqkLKDU,Oblivion,Viktor Sheen;Nik Tendo
6XMYnm4OTEysN8blzqiCL9,Ain't No Man,The Avett Brothers
